scheduled_hour,route_length_km,num_stops,traffic_density_index,road_congestion_pct,rain_mm,wind_speed_m_s,temperature_c,vehicle_age_years,incidents_last_24h,dispatcher_experience_years,line_brand_color,severe_delay
2,26.42,29,11.4,13.48,3.54,1.38,36.97,20.71,1,19.21,3,0
18,13.43,19,28.6,34.38,4.92,7.29,-0.42,15.41,1,4.09,4,1
15,13.26,15,38.11,18.81,4.72,10.96,4.25,5.85,0,3.64,5,1
10,9.42,21,26.04,19.19,3.33,10.62,-3.56,19.94,1,9.58,4,0
10,45.24,16,11.81,10.98,1.13,3.27,28.97,7.57,0,4.66,3,0
20,42.85,37,24.17,26.63,4.17,10.49,37.27,11.36,0,1.97,2,0
2,37.76,20,69.95,51.47,2.77,6.29,5.66,10.54,0,7.82,2,0
16,25.81,17,66.66,37.92,1.21,6.1,6.98,20.32,1,21.89,1,0
4,24.57,25,94.21,79.08,2.04,15.01,4.83,5.84,0,1.41,2,0
2,26.37,35,81.84,73.95,1.51,7.59,-0.88,7.33,3,14.15,4,1
12,26.68,15,61.1,46.91,3.6,9.49,28.22,14.52,3,14.08,2,1
23,21.99,42,22.38,21.1,1.86,10.13,-5.21,19.51,0,13.27,2,0
17,8.06,23,60.77,43.13,0.38,10.13,36.52,2.53,0,12.64,1,0
18,7.78,31,15.54,5.0,0.59,3.84,34.66,4.62,1,0.43,2,0
17,45.8,43,48.78,47.29,1.74,10.79,-2.55,20.86,1,1.19,1,1
18,24.17,21,45.12,38.68,1.31,6.02,16.36,17.1,1,12.78,3,0
12,45.85,12,48.5,42.25,5.3,11.79,37.67,7.61,1,24.21,2,0
3,9.52,34,35.18,40.96,1.24,2.62,31.22,7.87,2,10.2,5,0
20,27.5,4,71.72,46.45,1.16,17.89,24.9,10.33,4,11.81,3,0
10,11.55,22,85.69,61.87,0.99,13.9,-6.97,14.82,3,24.55,2,1
12,13.65,44,79.17,63.17,0.9,7.51,-4.85,12.34,0,19.48,3,0
8,3.38,20,66.5,46.79,0.93,5.42,28.52,17.07,0,19.25,5,0
4,7.47,32,58.45,52.64,0.47,6.98,9.32,1.19,2,12.62,1,0
22,44.18,25,12.8,8.3,2.71,12.98,22.75,18.02,2,22.45,2,0
18,16.79,12,75.06,49.62,2.02,11.8,26.0,1.28,1,14.53,3,0
15,29.97,17,59.05,46.65,1.94,12.64,11.42,19.38,2,16.42,1,1
9,23.39,25,34.37,28.34,0.27,16.0,-1.4,0.95,2,19.69,3,0
19,20.42,8,39.51,39.23,3.33,8.21,9.79,2.81,2,10.16,1,0
13,26.47,21,94.2,77.02,3.63,12.05,32.07,3.96,0,23.83,5,0
10,10.61,21,66.19,55.78,7.91,7.95,7.23,4.91,0,24.7,4,0
10,47.48,38,52.83,44.09,3.46,11.49,-5.12,8.84,1,14.68,1,1
5,39.64,9,65.88,49.69,9.2,8.55,36.12,14.42,0,5.55,3,0
2,36.11,38,47.24,30.4,1.09,13.98,23.31,19.64,4,19.37,2,1
13,23.56,20,52.32,43.41,8.25,0.09,16.88,11.54,0,8.05,3,0
21,9.03,30,36.13,25.18,3.56,3.88,30.14,11.71,1,14.43,3,0
1,44.35,26,49.59,53.89,3.17,5.34,10.91,7.02,0,2.17,5,0
20,17.7,16,71.7,68.01,1.89,17.02,37.32,17.61,1,20.18,1,0
19,4.3,42,13.59,16.3,1.51,9.13,31.45,2.43,1,23.98,3,0
6,17.75,13,81.55,67.02,1.19,6.56,4.91,6.62,1,2.36,5,0
15,38.55,5,35.47,26.87,8.47,7.28,9.07,2.13,0,18.29,1,0
3,30.64,34,71.43,44.37,1.83,8.13,4.68,4.71,3,21.52,2,1
18,36.54,29,67.85,50.97,3.62,15.62,22.33,12.91,1,2.74,4,0
16,38.51,40,68.74,54.53,4.34,17.32,21.41,2.77,0,6.17,1,0
8,11.75,22,64.73,52.56,4.29,15.19,16.04,2.21,0,9.8,2,0
1,44.49,4,96.32,79.35,2.73,15.15,36.43,18.17,0,20.92,5,0
23,22.15,4,55.75,51.78,8.13,3.58,13.72,2.6,0,12.34,3,0
10,31.39,21,75.91,52.98,3.37,4.84,28.05,13.38,0,3.42,1,0
21,2.11,14,73.49,51.17,1.16,10.73,22.27,7.74,2,6.41,5,0
16,47.69,41,31.26,37.44,1.58,11.81,15.84,19.72,0,11.68,3,0
18,14.92,8,35.5,34.63,0.3,3.65,-6.06,15.57,1,0.98,3,0
18,4.85,40,48.16,34.05,3.01,13.43,22.24,1.31,0,15.77,5,0
4,23.08,12,34.99,26.33,3.89,3.6,21.56,19.7,3,0.63,2,0
8,7.94,8,43.01,32.62,4.19,4.73,-2.26,9.11,1,19.52,2,0
11,9.01,15,45.19,35.53,3.56,5.52,28.61,6.56,1,18.35,3,0
11,31.09,9,64.35,54.45,1.89,15.23,13.48,14.8,0,21.64,2,1
1,20.07,20,29.79,46.05,2.27,13.18,6.91,15.8,0,3.94,1,1
13,44.41,17,82.39,65.97,2.27,9.55,29.9,6.67,1,15.06,1,1
3,16.68,25,49.38,44.48,5.32,14.76,7.8,7.74,0,19.53,2,0
17,35.4,26,73.56,42.2,0.14,14.63,20.61,3.44,3,12.89,1,0
16,23.21,4,17.33,9.15,1.4,7.02,20.42,13.06,0,3.27,3,0
22,32.36,9,52.3,51.85,0.7,14.07,-5.57,21.05,1,2.47,5,0
17,29.59,10,12.54,13.4,10.81,3.71,11.45,9.17,1,15.15,2,0
8,23.75,11,70.83,15.75,6.21,9.06,2.25,21.92,2,12.44,1,1
23,45.7,7,40.93,37.99,1.46,2.13,1.18,3.88,1,23.24,1,0
9,17.76,16,95.43,91.7,0.41,7.68,22.13,17.51,0,20.85,1,0
7,10.15,26,39.17,12.59,0.59,9.37,-7.48,20.42,1,18.09,3,0
21,33.19,16,60.74,61.05,5.26,1.44,36.58,15.14,2,24.56,3,0
8,40.92,17,33.16,5.0,0.29,8.33,10.19,2.41,2,17.37,3,0
1,3.85,23,65.81,59.77,2.3,11.73,5.74,7.18,2,2.31,4,0
11,22.68,26,52.03,40.51,4.57,11.05,34.32,1.88,0,1.94,2,1
19,43.05,17,43.36,12.67,0.51,0.98,14.39,13.24,0,20.4,4,0
4,36.48,13,28.33,26.11,2.28,1.72,20.26,21.96,2,9.02,5,0
11,47.62,20,20.04,25.99,1.49,6.32,24.01,8.24,1,23.11,1,0
3,26.45,4,20.79,19.49,1.29,15.17,32.08,3.58,2,2.96,1,0
16,32.36,24,99.91,83.2,1.06,15.66,-2.03,5.91,2,4.97,2,1
11,15.91,42,47.11,33.04,4.89,5.57,-4.24,12.56,1,19.33,1,0
7,45.59,20,10.17,5.0,7.3,12.94,37.71,12.52,2,21.19,5,0
5,18.85,8,95.76,80.92,1.75,10.39,-7.59,5.06,0,21.68,5,1
13,35.97,32,11.8,24.95,3.19,17.7,24.58,16.52,2,2.48,3,0
16,20.54,9,47.67,47.35,2.33,1.7,20.11,1.94,1,9.55,1,0
22,27.84,11,74.57,40.28,0.18,9.86,17.42,13.71,2,16.16,5,0
10,35.11,10,92.31,58.37,1.68,10.67,28.15,9.37,1,22.97,5,0
3,25.41,40,74.16,50.23,0.12,5.54,37.65,2.8,1,5.98,3,0
19,43.73,44,51.73,26.01,1.36,0.85,-5.84,13.96,1,15.01,4,0
15,21.29,27,97.7,76.6,2.22,0.94,20.27,14.81,1,3.59,4,0
16,31.77,29,13.54,14.1,4.26,8.17,24.97,9.68,1,18.68,3,0
2,17.75,30,98.82,64.21,2.93,12.46,6.07,17.56,1,3.19,2,1
7,20.78,29,86.45,74.42,5.0,12.6,33.07,11.2,1,25.0,2,1
18,22.24,26,93.6,78.42,0.87,3.26,13.02,6.29,1,2.31,2,0
19,7.79,44,32.93,20.75,6.58,15.44,-0.43,20.98,2,17.13,2,0
10,6.22,34,22.82,16.25,7.31,6.79,31.3,20.77,2,19.43,4,0
19,32.7,7,69.7,36.82,0.11,17.36,35.37,2.1,2,6.45,5,0
20,32.15,20,56.43,41.02,0.26,2.13,-3.42,20.81,0,6.37,1,1
9,32.49,43,57.09,44.59,2.17,15.06,26.58,17.06,0,14.9,1,0
21,2.91,20,93.22,74.23,1.25,16.35,1.89,2.35,2,15.76,3,1
6,17.02,12,65.81,54.74,1.48,14.81,-7.69,11.43,3,18.01,4,0
5,11.1,39,38.0,31.83,2.91,14.56,3.99,0.77,0,14.51,3,0
16,37.79,29,46.01,33.51,5.16,6.5,31.33,12.95,1,4.36,5,0
15,41.59,27,22.01,19.75,0.81,12.84,-1.51,20.53,0,23.1,4,0
3,13.35,21,27.31,30.32,5.89,10.43,-1.99,8.1,0,4.17,4,0
19,32.72,9,22.9,17.0,1.04,7.64,26.0,11.19,2,14.13,3,0
4,7.95,19,82.93,67.54,11.94,17.88,10.69,5.01,1,23.0,1,1
19,14.66,21,73.44,55.61,6.62,5.23,-1.17,11.9,1,22.82,1,1
0,8.38,42,57.73,39.21,1.16,7.44,2.58,17.66,0,4.2,4,0
19,15.04,16,43.69,38.79,0.42,16.25,28.55,4.74,0,5.97,2,0
18,33.04,10,70.16,49.73,1.13,5.2,20.67,12.18,2,15.05,4,0
18,43.88,21,83.16,68.34,0.96,2.75,27.0,7.8,1,8.43,2,0
15,11.32,44,89.31,69.92,3.82,5.58,-3.5,16.45,3,18.27,1,0
11,26.94,23,59.23,43.47,0.12,13.67,13.07,15.44,1,13.06,4,0
16,34.26,19,83.79,62.4,0.26,15.48,28.67,15.37,1,6.65,5,0
6,45.83,31,56.02,39.12,3.72,2.06,4.23,8.31,1,10.28,3,1
18,30.06,30,52.71,26.3,0.91,11.19,-0.22,13.18,0,17.28,1,1
13,13.73,16,87.89,72.0,1.38,10.21,9.56,14.32,2,19.63,3,0
11,30.77,43,44.77,37.01,4.55,12.04,7.34,14.98,2,9.24,5,0
12,16.74,28,45.63,43.24,5.36,12.08,0.53,12.66,1,2.62,2,0
13,46.9,6,37.44,24.42,6.36,17.27,35.88,19.07,0,8.83,1,0
0,20.39,20,56.68,61.27,4.23,6.24,14.22,5.47,2,15.76,4,0
3,33.53,41,59.04,42.63,1.83,5.4,19.97,1.23,0,19.0,2,0
5,3.07,20,69.44,46.29,1.68,10.46,-2.43,21.18,2,21.99,1,0
2,20.4,27,48.75,29.08,1.48,7.73,20.06,1.34,1,24.05,4,0
10,42.25,29,29.61,7.49,0.52,8.53,17.54,19.87,2,13.23,2,0
16,30.07,32,88.02,82.45,0.77,1.25,34.87,13.47,2,22.01,1,0
15,22.42,39,41.14,44.43,5.7,2.67,10.97,20.21,0,6.55,1,0
11,45.05,10,93.06,78.0,1.03,16.84,27.97,12.43,1,13.99,1,0
20,41.28,25,28.66,14.29,0.52,1.23,5.99,18.06,1,13.48,1,0
13,16.82,25,60.41,63.42,6.1,10.62,18.63,15.87,0,19.22,1,0
1,27.05,10,58.3,42.3,2.75,13.58,34.64,11.55,0,19.33,2,0
18,24.53,31,84.58,63.55,8.62,0.21,20.75,7.99,0,7.13,5,0
13,31.08,8,22.5,30.48,7.91,4.01,24.71,0.06,0,22.15,2,0
15,17.37,22,91.89,77.61,0.59,6.79,32.3,5.52,2,22.29,1,0
13,13.23,17,57.83,64.92,2.03,9.12,34.57,20.94,1,23.71,5,1
13,43.98,10,62.75,51.18,0.7,6.15,1.58,6.06,0,11.44,4,0
2,44.5,37,55.91,40.04,0.69,11.68,1.01,16.54,1,24.69,5,1
13,40.79,14,13.24,5.0,1.43,4.08,17.32,11.19,1,19.62,3,0
19,47.0,14,54.74,26.07,3.91,0.46,37.79,6.79,2,16.33,3,0
7,36.27,39,33.72,23.79,3.93,0.03,14.55,21.8,1,10.81,3,0
14,37.17,39,40.84,42.16,3.52,6.22,7.22,1.03,0,21.06,1,0
0,37.08,5,68.42,58.76,1.82,6.51,16.71,12.81,0,19.1,2,0
8,24.11,15,54.79,42.92,4.12,17.07,-5.04,10.15,4,14.64,3,0
10,23.0,33,18.39,5.39,0.51,0.81,0.15,1.68,4,24.93,2,0
23,13.05,35,16.57,14.97,2.79,9.54,-1.15,4.71,0,6.24,5,0
5,31.66,44,26.71,29.95,2.29,10.4,-6.72,15.27,3,16.04,5,0
6,15.31,26,27.18,25.08,1.71,12.59,25.22,2.38,0,8.03,3,0
9,13.86,4,64.75,52.0,2.89,11.5,6.97,17.62,4,11.45,4,0
23,28.95,39,26.0,13.11,0.72,0.15,-0.25,13.75,1,8.47,2,0
20,20.86,10,89.35,77.5,3.64,11.37,15.56,2.22,0,8.36,5,0
0,12.07,8,28.88,5.0,2.23,5.8,6.88,6.31,1,9.42,4,0
5,39.54,31,18.2,17.64,0.31,13.91,10.08,3.02,2,1.42,4,0
19,41.59,28,88.82,92.41,2.18,3.39,6.51,17.55,1,1.0,3,1
1,9.71,6,36.58,14.96,1.26,12.89,-7.82,11.73,1,18.12,5,0
20,2.35,10,48.29,35.49,5.82,11.26,23.66,0.06,2,7.77,3,0
6,17.46,28,96.31,75.05,0.56,11.74,-2.91,11.94,0,0.53,5,0
22,38.69,14,94.99,69.93,0.59,3.17,2.08,10.62,0,2.04,4,1
7,40.6,32,74.34,67.31,3.24,12.05,0.75,14.15,1,4.9,3,1
10,8.36,20,16.2,16.89,1.9,13.27,7.24,0.77,0,1.21,2,0
15,37.62,28,63.4,50.82,1.81,8.81,-0.63,0.78,1,23.65,5,0
3,7.32,23,99.02,84.41,4.03,6.13,7.96,7.69,0,14.21,1,1
13,19.94,18,95.22,74.42,1.58,3.0,3.19,15.15,1,9.85,1,0
12,47.94,18,19.54,43.86,0.25,5.22,-5.18,14.66,2,13.32,1,0
18,10.86,32,45.64,36.96,1.49,13.75,32.05,6.12,1,2.82,1,0
23,9.08,25,38.4,31.71,0.49,7.37,6.06,4.75,0,17.55,2,0
15,21.45,28,21.68,5.0,0.78,12.65,-3.62,15.03,1,24.24,3,0
9,30.5,27,72.53,51.68,0.81,13.32,15.99,0.6,2,3.27,2,0
9,44.91,12,34.65,37.35,5.44,12.14,-2.33,12.25,2,3.82,3,0
10,47.12,41,41.04,19.99,0.35,12.12,27.56,9.33,2,15.72,3,0
19,5.2,27,18.13,5.0,5.0,10.99,-5.17,5.26,1,3.8,3,0
7,8.35,33,54.82,43.05,3.37,9.33,13.37,11.45,0,3.15,1,1
4,38.37,40,24.24,31.24,3.33,3.56,35.42,4.78,1,16.76,3,1
8,14.45,41,48.89,38.51,0.74,15.17,-0.69,12.42,0,15.47,2,0
0,42.7,31,22.9,14.84,4.45,17.36,1.26,3.28,0,5.44,3,1
2,32.52,36,95.85,58.03,0.63,8.4,19.62,8.93,2,20.58,1,1
2,7.14,23,23.05,22.05,7.4,16.8,37.07,11.23,1,2.63,5,0
18,40.3,34,56.97,50.39,5.55,17.96,9.75,0.7,2,8.31,4,1
17,10.11,17,27.73,5.59,8.44,8.75,21.84,13.44,2,18.47,2,0
16,21.48,33,16.87,23.37,2.3,13.04,-0.99,16.51,0,15.35,2,0
11,27.4,7,28.21,28.89,1.9,11.59,21.5,21.03,1,15.0,2,0
17,25.04,41,14.93,21.84,1.44,4.27,3.62,4.47,1,17.16,5,0
3,33.56,14,22.55,22.84,11.79,0.85,20.21,4.59,3,16.16,4,0
21,32.02,30,54.41,48.33,3.88,8.16,-3.92,6.71,2,21.86,3,0
12,47.63,4,68.66,58.24,0.49,14.17,16.15,19.6,1,14.22,4,0
22,47.97,10,17.86,21.75,6.73,5.85,2.92,8.95,1,10.03,1,0
3,25.76,44,49.69,22.39,1.83,14.12,23.36,6.64,1,19.15,5,0
11,6.38,38,62.31,35.09,0.96,11.79,26.39,16.31,0,6.48,3,0
16,35.48,13,31.08,17.62,5.55,12.52,31.01,0.84,1,18.99,2,0
11,46.93,9,43.49,32.75,3.38,5.14,37.65,12.07,0,7.0,4,0
10,16.64,37,16.47,16.34,4.01,8.46,13.13,9.9,1,12.01,1,0
3,23.22,44,29.81,26.18,6.67,3.27,22.85,13.75,3,18.48,3,0
9,21.54,10,52.01,50.62,0.18,4.44,-7.15,16.08,0,15.69,5,0
5,4.37,31,99.14,87.67,0.97,1.62,33.63,7.15,1,2.14,4,0
7,32.92,15,99.66,69.89,2.35,2.28,20.32,14.0,2,11.16,1,1
16,18.25,34,98.17,78.72,5.69,3.79,11.38,11.54,1,20.3,3,0
15,38.22,21,48.08,29.87,0.63,10.44,11.98,2.95,1,24.92,4,0
14,40.28,9,17.26,11.77,1.57,7.94,26.87,19.4,1,11.67,3,0
8,39.78,17,39.12,33.41,2.21,4.8,30.34,16.6,2,2.15,2,0
23,21.17,26,31.39,5.0,0.91,15.5,29.16,20.28,3,9.15,4,0
2,16.79,36,11.27,30.49,2.18,9.45,15.49,15.85,1,12.25,3,0
8,36.45,4,18.57,19.58,1.89,16.62,9.07,5.39,1,1.84,5,0
2,38.86,43,50.79,34.25,1.23,11.43,35.49,9.47,1,21.61,5,0
8,24.6,30,40.57,48.99,4.44,0.28,21.17,8.51,1,13.47,5,0
23,43.08,39,26.23,17.33,3.77,16.44,17.01,0.79,0,10.4,3,0
8,8.62,42,74.45,59.26,4.61,15.43,19.52,9.03,0,9.93,4,0
21,42.44,10,42.14,28.49,4.97,11.43,20.97,7.6,1,0.71,1,0
11,6.42,7,86.67,82.47,0.29,9.63,24.8,0.09,2,12.97,4,0
16,9.06,35,31.69,23.77,0.35,8.15,17.45,18.64,0,11.89,4,0
10,26.56,11,58.46,46.94,4.12,8.68,32.27,3.17,1,8.65,4,0
6,5.11,10,26.57,31.56,1.36,13.85,31.55,11.02,0,16.47,1,0
18,4.43,23,54.58,47.84,1.18,9.24,12.34,17.26,2,10.28,3,0
23,2.02,41,23.72,18.01,0.98,3.17,-0.25,13.3,1,14.29,2,0
6,22.07,36,24.54,29.14,4.75,1.05,18.53,3.73,1,22.13,5,0
18,37.63,25,65.1,73.62,11.22,2.27,20.55,13.6,1,9.1,3,1
6,3.6,12,33.74,29.17,4.94,4.53,16.08,16.67,0,9.95,4,0
17,32.0,17,25.51,20.95,1.29,6.62,32.97,18.8,0,21.65,3,0
18,39.86,32,93.68,74.61,4.55,16.06,-3.72,7.01,0,8.95,1,1
10,9.73,10,13.87,22.61,0.33,4.3,5.22,0.75,1,10.98,4,0
17,8.76,25,60.86,42.08,1.76,5.75,31.83,13.37,2,20.02,4,0
6,41.6,4,59.34,43.78,0.18,4.01,35.21,4.97,1,14.8,2,1
1,39.86,17,32.55,11.56,1.37,9.82,11.59,17.18,1,23.35,4,0
2,26.79,14,50.75,28.93,2.61,11.11,0.86,14.96,1,11.77,2,0
10,39.68,31,17.9,9.3,12.85,9.58,11.34,17.01,0,11.98,4,0
21,6.27,41,74.91,57.93,6.07,17.13,12.98,21.29,0,1.07,2,1
3,20.15,10,29.95,39.28,0.19,17.92,15.9,12.86,2,4.93,4,0
10,35.94,36,27.4,26.2,0.22,15.07,4.62,19.89,1,13.5,5,1
16,13.84,30,38.34,21.7,0.92,14.5,6.38,14.12,3,4.68,3,0
4,36.61,43,91.21,64.59,0.2,6.59,22.16,4.0,1,11.34,1,1
17,25.19,41,81.68,76.08,0.99,10.44,20.6,17.58,1,7.08,4,0
7,36.51,8,95.22,84.41,0.98,6.33,22.46,15.26,1,0.52,5,0
19,23.38,34,68.68,53.82,3.23,14.12,9.36,21.51,3,11.88,4,1
13,18.92,28,69.66,50.35,4.65,3.09,7.48,5.36,2,16.16,2,1
13,12.08,8,53.2,51.62,3.8,3.9,8.17,7.33,1,8.46,3,1
4,11.59,14,91.47,62.4,2.83,0.7,35.75,18.07,1,19.41,2,0
11,36.57,42,55.98,47.19,0.31,10.96,10.18,1.38,1,3.65,4,1
20,7.47,26,41.96,53.18,2.42,12.39,19.88,13.93,2,2.28,4,0
0,5.96,17,67.63,54.6,6.83,0.06,16.05,11.78,1,23.37,4,0
18,10.11,17,59.15,39.16,8.76,9.19,32.31,3.71,1,23.04,2,0
11,10.07,38,21.16,20.2,3.15,6.78,8.98,3.63,1,10.16,1,0
17,39.86,15,45.35,31.14,0.19,14.26,11.97,17.82,0,10.5,4,0
15,20.33,10,38.2,17.25,3.2,0.7,30.77,0.34,1,21.28,2,0
10,47.56,27,86.22,73.56,1.88,0.87,-0.6,16.43,2,13.26,5,0
7,8.31,44,44.1,44.46,0.25,11.16,19.34,16.12,1,2.93,1,0
15,32.06,11,83.94,62.68,0.58,10.65,10.4,14.29,1,2.87,5,0
3,22.64,14,49.82,35.46,0.74,14.96,37.35,9.01,1,3.28,4,0
14,20.07,23,77.82,52.04,4.13,10.66,25.18,0.62,2,19.52,3,1
2,42.25,12,22.18,15.95,8.47,17.09,-7.51,17.64,1,15.05,5,0
15,46.88,30,93.22,67.65,3.59,5.66,30.62,2.77,0,7.49,4,0
15,42.15,14,53.25,32.44,4.25,7.16,24.35,6.18,1,4.05,1,1
2,10.85,9,33.38,43.07,2.02,17.6,17.8,20.83,1,3.09,2,0
18,12.16,14,31.73,28.95,1.16,1.94,2.86,6.64,0,18.53,5,0
9,32.18,42,33.86,31.56,3.68,14.33,-1.13,5.61,1,22.15,4,0
18,15.3,42,43.01,41.49,2.86,0.21,20.91,21.41,2,13.28,1,0
0,35.8,24,74.58,65.11,0.83,8.76,12.24,1.89,3,19.32,1,1
4,28.06,20,95.46,70.74,2.68,2.76,31.63,3.54,2,7.08,5,0
11,27.34,37,70.21,57.22,2.16,10.78,4.07,9.64,0,14.64,1,1
4,40.11,11,59.24,43.79,1.56,14.37,21.33,17.33,0,10.95,5,0
7,34.68,30,50.37,43.24,1.11,0.59,3.45,19.46,4,2.19,3,0
15,3.22,31,84.54,69.01,3.15,2.95,21.27,16.62,1,12.18,5,0
3,4.28,33,86.47,64.0,1.2,6.17,-5.78,21.48,0,21.17,2,1
16,29.67,12,36.37,16.41,11.23,4.6,10.02,0.37,0,1.29,2,0
2,24.36,33,95.81,76.05,3.48,6.9,-0.06,13.63,1,11.93,4,0
4,13.97,29,45.56,33.7,3.2,17.13,19.87,2.56,1,21.83,1,0
14,21.26,39,82.01,46.95,1.81,1.82,6.57,20.03,0,19.75,1,0
19,36.86,11,97.01,80.24,1.41,7.62,27.49,20.58,1,12.34,4,0
4,40.02,29,73.33,65.88,0.12,8.23,-2.73,6.67,1,4.28,1,1
7,27.82,38,24.54,41.9,0.91,5.05,17.59,18.21,3,21.21,5,0
22,19.73,15,62.75,45.43,0.18,5.01,19.31,13.87,0,3.83,4,0
23,14.45,34,20.69,11.29,0.18,12.87,-6.98,2.21,2,6.92,4,0
13,26.01,8,81.02,53.21,0.46,11.12,-6.34,13.26,0,3.11,3,0
10,16.48,33,35.32,29.43,6.25,14.63,6.18,21.47,2,11.48,4,0
8,27.95,28,72.57,58.42,6.23,7.29,20.02,6.78,1,15.73,5,1
14,33.13,11,91.91,64.39,0.93,10.92,36.28,0.03,1,20.68,1,0
14,5.04,6,26.29,18.93,0.3,16.08,-3.82,21.49,1,11.53,2,0
7,2.05,34,45.36,17.57,1.34,15.32,24.35,9.11,1,24.27,4,1
0,11.76,13,68.24,61.57,4.09,16.56,23.86,9.48,2,14.9,1,0
3,43.15,24,47.77,30.32,5.22,4.84,22.8,15.68,3,15.11,2,0
23,31.73,6,25.73,19.76,2.65,17.74,15.74,13.3,2,4.38,1,0
10,9.91,43,12.62,5.0,3.11,14.7,36.47,6.64,1,4.75,1,0
11,42.95,26,46.59,31.1,2.84,14.31,15.08,2.2,1,14.42,3,0
11,23.62,42,68.43,50.86,0.35,12.02,30.56,18.2,0,18.02,4,0
18,23.9,10,61.66,47.99,8.75,17.7,4.08,10.63,4,5.12,1,1
1,45.03,12,24.06,23.09,2.63,7.95,29.09,14.79,2,12.1,5,0
1,4.74,29,50.56,52.39,0.06,13.35,37.84,18.93,1,8.91,4,0
6,11.9,28,43.25,40.33,3.29,12.58,33.86,0.39,1,10.97,4,0
11,28.95,36,34.68,35.71,0.69,13.18,5.99,18.91,1,5.55,1,0
16,10.99,42,75.63,72.01,5.58,13.53,30.92,16.54,1,3.52,3,1
11,33.26,37,37.87,34.66,5.09,3.43,-3.62,20.83,1,8.01,5,1
10,11.85,9,58.61,45.39,3.89,6.28,23.17,5.14,2,21.72,2,0
22,6.56,16,93.09,81.69,2.6,7.06,7.74,7.09,0,20.13,3,0
3,11.52,41,58.53,55.31,6.76,13.46,22.3,14.55,0,2.54,3,0
13,21.45,26,65.53,56.95,7.34,12.89,10.96,20.37,2,2.2,4,1
13,10.1,39,16.59,5.0,0.72,15.0,-7.58,21.84,1,12.32,5,0
11,8.2,27,26.03,12.73,3.85,14.19,2.64,9.17,3,6.93,1,0
19,41.57,6,19.09,12.41,1.12,10.73,-6.05,11.86,2,20.59,1,0
6,16.74,23,78.83,68.51,0.59,2.52,11.65,3.75,3,12.15,1,0
22,18.59,37,85.23,66.29,7.33,11.44,30.64,15.27,2,21.32,2,1
7,4.54,30,26.78,31.12,4.43,15.97,25.95,18.42,2,2.7,2,0
13,18.44,9,29.73,35.03,2.82,11.58,28.29,17.57,2,24.25,5,0
12,14.18,12,39.09,41.28,0.81,16.12,29.13,7.61,0,19.18,3,0
20,30.08,39,63.2,60.14,7.51,17.98,9.11,21.19,2,18.3,4,0
10,11.45,44,65.96,42.12,0.68,6.47,15.28,2.65,6,23.51,3,0
6,42.86,34,71.81,60.35,0.49,13.02,15.39,10.87,4,11.76,5,0
0,44.76,8,91.47,65.88,2.17,9.72,-2.79,12.2,0,3.72,2,1
8,6.59,29,36.55,13.67,4.09,8.19,19.51,11.8,0,12.42,4,0
19,6.94,37,69.29,51.46,1.49,4.32,25.13,16.67,0,20.38,2,1
0,7.31,30,60.38,59.02,2.56,4.43,20.1,13.41,2,21.49,2,0
21,30.5,28,37.53,33.42,1.12,3.33,26.31,1.7,0,12.21,5,0
13,7.61,23,91.67,89.66,1.27,11.37,-2.53,3.96,1,18.31,1,0
3,41.21,14,18.59,16.1,9.55,2.56,27.02,11.71,0,6.17,2,0
7,36.7,15,74.08,79.81,1.97,7.76,1.57,15.28,0,5.76,2,0
13,39.71,34,75.51,60.49,7.12,9.42,32.33,11.31,2,14.66,1,1
7,26.2,6,92.38,72.26,0.17,7.89,3.27,7.82,0,10.54,4,0
2,47.85,7,56.67,32.69,5.68,15.39,14.63,1.12,0,4.03,2,0
15,4.03,20,38.95,40.37,0.87,7.98,14.41,17.29,2,19.03,3,0
16,20.46,35,84.5,61.39,4.52,1.49,4.37,10.94,3,13.3,2,0
2,16.9,30,79.37,56.09,0.86,17.86,8.64,11.85,0,13.01,5,0
6,45.64,28,55.03,54.45,1.38,15.21,0.54,10.32,0,4.73,3,1
5,28.54,25,79.11,72.13,0.56,11.88,18.22,5.84,2,6.03,4,0
15,39.08,8,34.11,36.79,4.6,13.61,34.0,6.08,0,17.32,4,0
17,9.84,17,63.06,45.92,5.25,2.31,6.56,1.4,0,21.3,5,0
17,47.02,7,87.87,68.08,0.9,13.79,15.37,15.57,2,4.43,4,0
22,24.94,35,38.62,29.58,0.26,3.74,31.65,5.98,2,20.31,5,0
18,24.71,34,53.52,48.79,7.04,8.8,12.81,6.57,1,19.7,4,0
7,46.66,14,95.59,88.55,1.05,3.2,30.24,21.86,3,20.37,1,1
2,19.51,16,81.84,67.15,1.86,13.57,12.53,8.49,0,14.54,1,0
14,20.29,17,89.83,87.84,0.71,4.43,12.25,11.24,2,8.8,4,1
21,28.9,40,44.67,42.92,4.21,4.56,-0.77,8.5,1,19.28,1,0
23,7.89,24,99.69,75.64,4.31,1.97,-2.25,6.38,2,12.0,1,0
5,16.77,35,23.73,25.97,8.02,12.97,20.13,0.13,2,5.55,4,0
5,10.89,22,56.69,59.57,5.82,5.33,30.06,18.81,1,10.06,2,0
0,6.75,32,53.13,59.43,5.49,9.33,-1.77,10.41,2,11.44,2,0
3,41.84,25,81.86,74.53,2.04,5.98,33.86,15.84,1,12.63,1,0
13,29.11,15,91.78,71.82,1.79,13.94,8.51,21.09,0,22.44,2,0
13,18.5,39,75.8,57.18,4.16,4.08,11.56,0.06,2,10.28,5,1
8,20.8,33,66.41,56.99,1.93,16.94,33.14,14.85,1,7.12,3,0
7,21.85,35,48.47,52.87,5.99,5.78,33.23,2.61,1,24.06,5,1
19,31.12,42,55.93,47.53,0.65,1.87,16.14,10.08,0,6.05,4,1
11,44.63,14,55.84,47.64,3.73,4.33,4.73,18.63,0,0.28,2,0
19,44.91,7,11.83,9.69,1.21,1.33,-0.09,1.57,0,21.25,1,0
23,20.01,27,55.27,40.16,0.52,8.44,4.49,21.77,2,23.86,5,0
7,17.15,17,87.04,66.43,12.25,4.5,27.91,12.78,1,17.05,5,0
4,22.75,21,73.83,58.81,2.25,15.95,6.93,8.69,2,10.19,1,0
22,28.12,13,81.61,79.12,0.36,9.31,23.95,0.43,1,13.59,2,0
15,23.24,20,45.14,33.05,1.05,4.2,0.98,12.91,2,20.8,4,0
6,32.3,20,57.61,45.41,1.63,8.12,14.01,10.89,2,22.13,5,0
14,27.5,18,13.01,5.0,3.66,3.53,8.2,4.74,1,2.56,5,0
12,16.75,34,44.47,41.14,1.05,3.22,15.17,10.79,2,21.7,2,0
21,17.9,28,52.7,53.4,1.89,5.41,18.22,0.28,0,15.43,5,0
6,19.42,23,32.97,40.34,2.91,1.95,37.58,21.99,6,0.81,4,1
23,6.35,8,12.81,11.82,3.45,3.4,33.4,7.31,0,2.71,3,0
22,9.64,27,72.14,61.44,2.04,16.88,24.01,10.56,2,1.14,2,0
4,35.26,11,49.16,36.96,9.43,12.0,-0.93,17.27,2,23.71,5,0
3,19.9,16,47.41,41.73,4.25,16.58,34.28,15.68,1,10.66,5,0
12,11.87,21,32.5,28.17,4.05,4.62,33.06,19.55,0,17.89,5,0
1,27.88,9,58.4,46.08,3.91,15.43,32.79,20.71,0,0.04,3,0
7,36.75,19,49.42,39.79,6.03,6.52,14.03,4.16,2,19.83,2,1
10,13.84,14,52.66,45.14,2.73,2.6,-0.15,8.59,1,12.05,5,0
23,40.03,38,62.28,45.93,0.64,14.48,26.7,15.11,0,23.09,2,1
23,44.67,39,10.57,6.06,3.3,1.07,9.87,0.99,1,13.02,4,0
3,29.48,4,91.69,86.89,3.7,7.29,7.85,15.77,1,19.72,3,0
21,32.77,28,16.4,37.19,6.84,14.75,9.98,0.11,1,15.74,3,0
2,4.42,30,50.58,28.62,0.55,11.11,17.72,20.11,4,13.01,2,0
17,45.49,19,28.66,11.02,0.76,9.33,7.34,15.8,0,23.71,2,0
20,20.05,23,57.14,35.96,2.32,6.37,23.74,12.44,0,12.39,4,0
21,44.5,36,35.22,26.54,4.02,1.35,21.8,9.44,0,22.31,2,0
5,28.63,19,87.4,76.23,0.41,17.84,15.41,21.74,0,0.9,4,0
21,2.21,6,45.67,40.95,0.57,3.15,-5.52,16.2,1,16.44,5,0
2,3.77,19,67.49,54.19,4.91,4.6,35.08,17.76,1,22.79,1,0
12,33.3,14,32.4,30.03,0.44,4.25,10.94,18.16,1,22.48,5,0
11,27.88,19,11.75,5.0,0.77,16.34,12.67,0.48,1,12.13,1,0
7,3.22,13,46.37,33.97,5.18,13.75,12.98,1.2,0,11.8,1,0
0,36.2,10,58.28,45.28,3.96,8.23,8.79,4.36,0,20.26,5,0
18,41.2,44,51.36,25.8,1.07,17.2,23.03,14.41,2,8.38,2,1
8,24.84,9,96.58,64.88,3.56,0.95,-7.36,13.73,0,23.43,4,0
15,23.42,32,73.62,47.33,2.96,16.09,32.18,7.15,0,6.27,1,0
9,2.25,33,99.61,84.57,1.96,1.09,-3.29,21.41,2,1.86,1,0
8,38.19,29,36.56,30.72,1.45,7.04,37.99,2.05,0,19.3,2,0
21,17.21,41,81.01,68.69,3.43,0.97,20.89,17.09,2,10.12,3,0
2,42.42,4,60.0,30.24,0.5,17.98,-4.95,10.58,1,8.89,2,0
17,19.16,16,65.06,37.39,3.39,16.46,17.87,9.21,1,8.02,2,0
17,27.99,11,98.73,82.98,2.7,10.53,7.24,0.56,1,24.51,5,0
9,14.44,27,68.86,28.7,2.89,3.92,35.84,16.01,5,14.29,1,1
6,9.39,30,90.89,81.92,0.73,4.98,26.75,16.97,0,24.8,1,0
0,37.65,40,75.32,42.34,6.98,8.09,15.32,7.02,1,8.59,1,0
22,24.84,19,21.46,24.33,1.07,5.81,11.77,11.37,0,10.35,5,0
22,26.68,13,72.95,48.9,1.29,0.38,37.81,13.34,3,5.29,3,0
5,46.41,41,53.59,51.24,1.87,11.81,22.7,8.09,4,10.76,5,0
0,46.32,31,92.69,100.0,3.95,11.04,15.64,13.54,0,1.55,5,0
2,41.36,35,82.62,43.98,2.81,16.28,10.31,9.55,4,0.01,2,1
1,10.63,22,19.37,21.37,0.25,8.58,6.93,19.32,3,11.33,4,0
19,29.34,22,22.05,5.0,2.21,6.2,24.45,15.81,0,18.65,3,0
21,42.39,19,16.26,16.53,2.41,9.21,19.04,2.43,0,10.93,3,1
3,19.23,34,54.39,40.56,7.12,3.5,31.02,17.59,2,12.95,3,0
17,6.65,12,17.27,14.64,1.6,11.26,17.46,7.43,1,11.14,4,0
4,39.3,43,75.13,50.4,3.65,13.86,18.79,20.58,2,13.17,2,1
8,24.16,11,59.71,53.6,6.14,2.76,13.96,13.27,0,19.39,1,0
14,27.96,22,85.23,53.44,0.68,5.73,27.08,0.61,1,20.09,4,0
17,47.18,16,35.18,38.62,4.44,15.62,11.09,16.16,3,20.95,5,1
20,29.93,30,56.72,40.56,3.41,9.1,31.19,2.88,0,5.31,3,0
1,21.55,31,20.57,5.0,1.55,9.57,7.04,19.3,1,11.45,1,1
4,19.02,41,89.61,84.25,4.48,13.0,23.86,20.86,1,20.78,1,0
6,21.21,36,25.75,19.48,0.66,10.4,33.08,15.3,0,23.55,3,0
7,7.45,14,19.21,32.15,1.1,1.25,27.38,11.72,1,13.57,5,0
23,38.56,12,28.45,33.19,1.9,14.47,7.76,13.25,1,12.32,4,0
18,40.53,40,82.56,57.21,1.47,16.61,24.49,9.43,0,19.11,2,0
7,15.08,24,19.52,14.46,4.07,0.96,1.52,1.84,0,24.79,4,0
23,15.97,7,65.3,52.02,2.15,2.18,-5.32,20.43,0,10.65,1,1
11,42.22,37,77.16,73.92,1.31,12.64,28.4,7.24,1,4.13,3,1
12,3.1,30,77.6,64.46,6.06,10.88,29.17,6.88,1,20.86,5,0
10,25.94,5,27.11,22.73,3.93,6.89,-6.95,4.21,0,17.76,4,0
3,23.33,36,15.55,10.33,0.33,9.71,35.6,21.83,0,3.63,1,0
22,33.75,28,50.39,38.85,1.32,12.66,12.51,20.74,1,8.09,2,0
0,9.52,29,28.22,33.76,0.41,9.08,33.64,7.69,0,13.83,1,0
4,32.74,39,72.93,56.92,5.27,2.52,28.26,5.72,3,18.29,3,0
5,19.33,24,42.1,29.28,1.16,1.61,33.43,17.72,1,19.52,2,0
6,30.46,22,50.44,34.26,3.65,7.9,30.34,9.3,2,3.89,5,0
3,3.84,29,20.21,10.78,4.38,16.61,36.8,21.29,2,5.42,2,0
0,23.24,12,61.08,35.02,1.23,10.04,20.94,19.83,0,18.6,1,0
16,26.02,10,26.7,14.07,1.81,6.45,2.45,16.71,1,2.9,3,0
23,11.86,38,71.11,68.95,2.93,16.36,9.92,1.98,1,12.45,4,1
2,8.42,12,16.41,10.94,5.02,7.0,26.59,15.45,1,13.65,4,0
7,10.67,24,97.83,82.65,12.68,9.16,-0.78,21.72,2,8.48,5,0
12,17.83,15,71.61,33.54,8.7,2.1,34.77,8.21,2,19.91,2,0
22,6.45,13,26.36,25.67,2.13,13.27,1.44,19.39,0,1.39,3,0
16,45.58,28,11.27,7.34,2.1,12.61,32.29,8.98,1,19.44,3,0
18,20.63,36,40.1,26.95,7.98,14.3,14.25,21.37,1,16.15,1,0
13,39.21,22,23.75,20.16,2.25,5.85,30.67,14.38,0,12.68,1,0
10,46.82,9,29.66,18.67,1.19,7.85,36.08,2.12,2,21.81,4,0
4,5.71,14,88.55,49.95,5.34,3.03,11.42,10.54,1,5.06,2,0
20,31.98,10,64.29,58.45,3.06,17.36,24.04,1.09,0,20.02,4,0
19,42.08,40,25.88,22.37,0.32,1.55,2.43,8.69,0,4.69,5,0
0,31.17,17,60.1,44.05,1.62,11.68,28.84,20.14,1,24.76,2,1
17,21.74,19,33.02,17.06,0.43,12.69,29.72,5.11,1,0.82,4,0
2,21.83,6,97.86,63.1,0.02,2.84,5.58,20.91,1,13.83,2,0
17,3.65,22,12.95,12.11,9.68,6.58,-6.89,2.2,0,4.2,4,0
19,26.59,41,75.91,73.73,2.55,0.78,11.84,14.63,3,10.2,1,0
3,47.7,20,79.57,63.89,1.68,10.02,-0.18,21.25,1,3.7,2,0
10,46.1,30,16.04,5.0,1.31,17.91,29.65,14.39,1,4.85,3,1
2,3.86,11,25.47,21.89,2.29,7.74,4.01,19.78,1,1.52,3,0
13,34.47,9,44.59,34.3,1.29,17.82,35.41,21.8,1,0.2,1,0
22,15.88,33,88.13,76.52,0.69,2.27,36.7,14.12,1,17.98,5,1
1,43.54,6,58.33,50.96,1.38,7.06,33.81,17.21,1,11.34,1,1
9,4.08,22,68.98,26.93,7.36,16.24,19.58,0.7,0,1.14,5,0
23,45.05,16,80.47,67.67,5.24,15.78,4.3,9.4,0,23.47,2,0
7,40.52,4,84.53,56.9,1.38,5.82,29.13,6.34,1,16.64,4,1
3,7.41,25,52.87,28.44,10.46,12.21,24.27,18.13,0,6.61,4,0
11,4.75,43,55.79,41.82,2.1,15.95,36.95,14.91,0,10.97,3,0
12,40.4,6,74.62,61.9,0.92,13.8,9.35,13.52,0,12.23,3,0
15,9.16,37,33.7,11.52,3.19,11.31,-5.3,20.49,2,14.25,1,0
7,26.61,26,86.9,74.13,8.32,2.75,37.93,1.96,1,21.44,5,0
22,44.12,33,11.87,16.13,7.08,1.31,30.56,20.98,1,14.75,1,0
12,28.1,7,27.62,21.97,0.97,11.06,2.19,2.22,2,24.47,4,0
6,20.27,39,82.02,56.17,0.52,9.0,25.38,7.63,1,18.17,1,0
23,22.47,4,40.62,22.87,1.52,4.28,-7.97,13.87,2,24.71,4,0
22,4.9,41,23.48,27.55,3.71,5.27,17.66,7.51,1,13.77,2,0
11,46.56,30,26.81,7.31,4.65,7.06,8.69,15.02,0,16.96,3,0
0,16.29,17,57.77,54.64,6.27,8.92,9.54,17.06,1,18.45,1,1
14,10.71,4,86.16,65.72,2.68,7.02,3.25,18.23,0,18.87,2,0
13,15.16,29,16.36,11.9,2.77,6.97,4.64,3.95,2,0.61,3,0
3,46.36,7,12.74,5.0,2.59,2.08,12.91,4.01,1,3.19,4,0
15,6.34,28,51.87,39.13,5.61,15.58,3.41,1.15,1,5.69,3,1
20,41.9,35,96.06,80.45,4.73,10.96,13.46,10.8,0,6.79,2,0
2,34.56,14,35.11,15.36,0.93,2.63,18.56,3.03,0,22.63,3,0
17,40.18,13,96.33,79.62,4.24,7.63,24.71,7.01,1,18.07,2,0
3,46.89,13,89.89,70.92,5.31,7.5,23.15,18.49,0,3.58,3,1
17,40.74,13,35.48,21.88,5.67,10.81,3.13,20.87,1,10.66,3,0
10,45.4,8,83.53,72.84,3.07,10.96,-6.2,18.09,2,6.08,2,0
0,7.84,14,71.73,36.13,2.91,11.61,30.3,0.01,3,20.75,2,0
23,38.61,31,56.06,46.85,2.19,12.56,32.13,12.5,1,22.94,3,1
3,27.1,16,48.06,52.06,2.43,1.86,37.03,3.67,1,4.11,3,0
14,27.0,36,83.4,78.01,9.23,5.49,36.15,8.27,0,10.41,5,0
4,43.35,37,81.38,66.98,2.51,0.31,21.16,9.41,0,23.82,3,1
22,46.7,35,78.12,58.22,1.03,8.18,33.14,20.74,0,16.43,3,1
17,34.42,26,99.84,72.16,3.13,7.73,12.61,13.94,1,21.7,3,0
19,24.22,16,53.07,38.67,4.57,13.22,28.22,5.89,1,8.94,5,0
10,22.99,42,82.62,69.34,5.47,3.01,35.95,14.14,1,5.24,2,1
11,19.77,12,87.62,61.08,0.68,11.37,28.63,20.94,2,17.28,2,1
15,18.63,23,29.04,29.47,7.77,5.52,11.13,1.3,1,3.44,2,0
18,20.01,22,13.79,29.95,4.43,6.87,9.38,17.95,0,21.0,4,0
20,6.13,34,46.43,35.66,7.42,12.95,5.41,4.77,2,18.87,4,0
0,5.56,26,87.11,55.84,0.39,1.29,8.88,3.37,2,7.62,3,1
15,37.87,36,36.02,15.99,5.85,6.17,29.75,19.78,0,12.47,2,0
2,22.52,41,73.0,63.93,0.64,7.04,24.27,0.04,1,19.98,4,0
6,44.81,20,10.66,7.78,1.72,12.88,3.49,16.3,1,23.37,2,0
19,30.16,39,41.98,40.64,4.55,3.59,24.73,1.92,0,8.8,5,0
6,3.62,10,65.4,46.21,0.56,17.05,9.45,13.6,0,19.75,4,0
19,9.25,41,21.68,24.38,1.28,17.96,17.66,13.66,0,4.86,3,0
11,11.47,11,90.69,69.32,0.37,14.74,9.04,18.98,0,22.59,2,0
5,46.88,38,24.06,12.18,4.45,5.39,15.99,18.1,0,17.16,4,0
8,12.06,20,91.88,68.06,0.91,11.95,25.57,15.07,0,3.82,4,0
12,25.72,43,29.48,12.22,2.36,1.5,25.63,8.37,2,18.5,5,0
18,45.06,9,99.49,95.5,3.41,15.68,26.65,3.66,1,18.1,4,1
14,46.95,23,64.43,49.39,3.1,9.29,9.99,13.99,2,18.56,4,0
22,12.87,40,17.59,19.52,2.84,3.18,23.76,10.93,0,8.62,1,0
20,4.26,5,15.87,7.55,2.83,5.89,2.98,1.71,1,18.5,1,0
18,9.07,14,16.74,5.0,0.42,14.41,13.96,21.02,0,20.66,4,0
14,4.91,7,63.09,47.11,1.83,15.66,18.82,6.92,2,8.68,1,1
6,10.98,17,82.86,74.54,2.81,9.35,23.58,0.05,2,5.2,5,1
9,28.15,20,46.27,31.4,2.53,8.65,33.95,19.84,2,22.2,5,1
2,43.97,29,50.04,31.19,2.05,13.51,6.02,12.7,0,15.52,3,0
8,26.71,14,63.04,50.57,1.07,14.87,30.88,16.13,0,11.51,4,0
22,30.8,10,57.97,49.71,3.03,13.77,6.31,3.36,2,21.99,3,0
10,11.29,10,71.93,70.89,3.58,6.92,17.39,8.9,1,3.4,5,0
2,38.83,42,52.46,44.1,1.48,11.55,30.09,14.19,2,20.26,1,0
15,30.42,43,74.25,63.71,5.51,15.43,25.26,5.52,0,12.27,2,0
23,41.75,13,99.76,84.28,7.9,2.73,31.69,15.43,0,1.06,4,1
20,45.65,12,41.53,22.01,2.4,6.99,29.48,5.14,1,24.32,4,0
6,18.0,6,11.1,5.0,0.96,1.02,4.71,4.6,2,19.45,2,0
10,6.17,43,21.31,6.86,0.55,7.36,37.68,0.26,2,5.37,5,0
12,12.39,32,59.82,34.67,1.7,13.9,35.1,6.2,1,23.09,3,0
5,22.14,35,40.98,39.13,2.23,3.55,11.79,5.43,0,23.38,5,0
6,45.5,15,94.6,76.4,0.51,9.75,-5.83,16.82,0,20.01,2,1
5,19.4,30,66.47,52.56,1.64,0.66,5.96,12.53,1,3.18,4,0
23,37.46,6,56.83,20.99,5.27,16.16,30.46,3.91,1,4.66,2,0
17,26.86,31,81.82,82.32,2.55,14.76,35.74,12.5,2,18.85,1,0
20,10.41,27,33.27,17.9,1.27,9.44,30.26,4.96,1,22.85,4,0
19,16.75,17,83.78,83.81,2.3,12.7,10.25,9.36,0,5.38,4,1
23,32.05,33,10.28,5.0,8.24,1.87,-5.4,19.54,1,11.52,2,0
2,32.95,30,65.77,43.99,2.2,15.21,15.81,15.82,2,3.87,4,1
21,22.0,21,94.13,53.59,1.89,12.87,9.31,14.32,1,11.95,5,1
1,12.52,11,80.91,66.37,4.2,2.16,-2.34,6.19,1,16.06,2,0
11,35.21,4,86.83,57.81,3.07,17.65,-3.13,2.74,1,0.46,3,1
14,9.77,42,45.73,26.01,2.56,0.41,-0.96,16.56,3,16.07,2,0
8,45.09,15,84.18,53.31,3.18,11.31,1.47,12.49,2,15.99,3,0
3,10.64,16,59.57,53.46,6.51,3.09,26.67,13.7,2,11.38,5,0
4,6.94,31,65.67,57.62,4.98,12.95,9.56,21.45,0,22.39,4,0
19,24.89,14,15.3,28.24,1.76,1.27,12.1,7.66,1,3.37,1,1
7,25.9,19,28.14,15.78,7.9,1.46,19.53,17.62,0,1.28,4,0
7,25.38,33,59.59,48.45,1.36,8.39,36.17,12.3,1,12.4,3,0
22,22.09,28,15.29,5.0,2.55,17.89,26.8,5.18,0,13.33,1,0
3,47.76,30,76.73,56.83,2.84,4.98,21.7,1.16,2,6.67,4,0
21,24.37,4,85.61,62.1,1.67,11.03,26.22,13.55,1,24.04,2,0
22,23.99,22,92.83,76.59,7.23,9.33,25.09,6.55,1,6.34,5,0
14,21.4,23,19.16,24.1,1.58,15.16,23.75,15.3,0,6.75,5,0
3,5.07,29,94.57,82.69,2.03,5.19,14.83,15.42,5,20.27,4,1
3,29.28,10,16.09,5.0,5.61,9.99,18.07,10.02,0,23.07,4,0
6,12.49,10,52.67,50.06,1.41,17.11,13.23,11.8,2,13.4,2,0
13,31.33,35,85.62,66.39,0.48,5.99,10.17,13.78,1,0.48,1,0
3,4.34,31,16.33,9.81,2.63,7.91,4.46,10.31,2,8.89,1,0
10,47.14,37,11.64,5.0,0.7,16.0,8.34,19.3,0,5.6,3,0
2,23.57,15,12.25,5.0,0.61,5.98,11.71,1.67,0,12.78,2,0
12,43.25,44,56.01,59.37,0.09,6.85,18.65,21.56,2,17.06,5,1
0,23.88,15,83.04,67.54,0.12,5.47,14.99,0.74,2,9.81,2,0
17,4.78,30,21.47,18.32,0.14,14.57,-3.03,4.58,1,13.43,2,0
1,39.82,10,21.21,14.19,8.74,16.75,7.64,15.58,3,19.0,5,1
4,31.82,41,61.17,69.73,0.14,11.36,9.3,1.87,1,6.15,5,0
4,37.96,17,31.09,35.99,0.68,11.23,24.52,5.77,1,4.9,2,0
19,21.7,36,75.72,52.57,2.06,7.02,7.31,3.39,1,20.14,1,1
1,31.35,17,95.47,72.0,4.04,0.22,-7.63,15.92,1,0.93,1,1
10,41.39,36,78.94,59.65,4.41,3.13,-4.12,12.74,1,3.76,3,1
14,31.03,22,88.95,70.69,0.96,2.65,14.86,1.42,0,0.31,5,1
12,17.99,6,56.76,37.96,2.51,2.09,0.67,10.12,1,13.88,2,0
16,32.48,11,84.91,70.18,2.0,11.77,14.75,4.59,1,15.0,1,1
19,32.91,32,26.46,33.71,2.37,2.45,18.41,21.29,1,13.28,2,1
9,46.19,11,16.15,5.0,2.69,1.54,34.94,2.37,2,10.36,1,0
19,19.06,15,69.04,43.69,3.4,6.89,22.16,13.16,1,13.23,3,0
7,21.55,26,14.68,7.1,1.24,4.48,-6.57,10.6,1,4.85,3,0
23,39.36,14,90.32,66.52,1.6,2.63,9.51,12.72,2,20.66,4,1
12,25.27,9,72.24,74.33,12.26,2.63,28.5,21.04,0,24.52,1,1
17,35.88,29,95.7,83.66,1.33,4.61,3.99,7.51,2,13.52,3,0
21,23.15,32,38.25,38.33,2.55,9.66,34.55,16.47,2,9.36,1,0
19,11.91,34,53.75,39.55,2.02,13.65,16.33,9.84,1,19.79,3,0
20,36.28,42,76.75,57.29,2.46,15.35,-3.75,14.54,3,4.83,5,1
12,8.03,9,31.85,11.78,5.73,13.53,3.12,8.04,1,8.02,4,0
1,11.13,21,58.77,52.87,1.9,11.31,33.69,5.0,1,23.5,5,0
11,30.83,13,69.35,58.51,0.57,16.34,37.61,1.84,1,4.66,1,0
4,36.37,40,98.09,88.09,1.21,9.36,31.7,2.24,0,2.8,4,1
21,43.16,26,77.02,58.18,1.91,11.4,6.75,21.11,0,13.66,5,1
5,14.54,8,20.63,14.82,2.77,7.41,27.37,17.35,1,14.69,4,0
5,7.09,32,52.78,42.7,0.96,5.89,2.22,5.39,2,14.93,4,0
5,45.98,5,62.99,57.16,1.1,5.97,9.69,11.64,1,4.11,1,0
15,9.1,15,23.2,5.0,2.87,2.67,24.07,15.71,0,18.03,4,0
13,11.09,33,48.88,44.75,2.96,14.34,36.57,7.76,0,6.06,5,1
22,15.4,24,35.56,27.55,5.08,1.0,12.2,9.68,2,23.7,2,0
9,26.35,35,20.69,6.61,1.2,12.14,14.81,15.8,3,5.7,3,0
6,42.61,27,56.08,24.98,3.71,15.56,2.13,5.0,2,0.43,3,0
1,36.99,38,24.91,18.2,2.02,8.95,10.55,11.58,1,14.2,1,1
0,34.58,27,63.15,62.29,1.4,1.26,-5.1,4.62,2,5.07,1,1
8,10.06,6,25.27,34.78,2.09,7.71,31.49,0.07,0,15.71,2,0
22,18.45,6,75.12,61.79,2.39,6.18,-6.93,15.19,3,5.73,1,0
12,24.01,35,27.57,39.16,0.49,17.74,23.44,15.56,0,10.7,3,0
21,8.78,5,90.67,70.33,0.55,12.44,4.57,21.91,0,4.49,1,0
2,14.58,19,12.36,18.22,4.17,12.98,13.9,3.98,1,10.72,1,0
2,16.18,4,56.98,40.38,1.56,9.28,4.95,16.27,1,3.41,4,0
20,7.85,16,38.81,25.64,2.79,12.77,10.4,20.86,0,8.45,2,0
2,27.31,28,30.26,17.5,4.06,13.01,17.15,14.18,2,4.97,2,0
1,34.43,11,52.44,22.36,2.1,1.19,21.48,21.19,0,20.4,2,0
9,5.22,23,85.78,78.49,3.77,4.01,35.25,21.88,2,18.23,3,0
22,24.13,44,92.37,66.28,2.41,0.23,7.28,17.64,1,4.17,3,1
16,37.98,6,37.29,21.88,2.52,9.18,18.9,21.98,2,2.07,1,0
2,36.41,6,23.88,8.01,6.12,15.76,33.48,13.77,1,0.64,1,0
20,39.49,15,74.81,56.51,1.88,10.97,5.35,10.94,1,5.67,3,0
20,22.62,37,62.38,64.53,4.21,9.0,31.79,20.19,0,12.0,3,0
19,39.75,20,28.09,40.76,0.37,16.67,36.05,18.28,1,10.0,4,0
21,13.07,30,78.43,46.22,2.7,3.1,30.98,2.42,2,24.29,1,0
5,18.6,5,56.7,41.04,7.42,1.34,18.21,6.66,0,19.81,1,0
23,10.11,34,68.81,44.36,12.93,16.51,25.22,5.73,0,1.95,3,1
7,23.5,6,42.34,41.92,0.4,16.25,14.13,18.82,0,3.97,5,0
19,20.03,33,49.52,41.2,1.55,12.29,19.47,5.13,0,0.66,2,0
13,13.08,10,26.23,14.73,0.73,4.43,36.83,6.69,0,3.46,1,0
18,36.58,39,78.09,61.56,1.96,17.46,3.55,11.41,0,13.24,3,1
15,16.44,16,24.13,14.53,4.81,13.78,28.46,1.67,1,1.92,3,0
15,14.55,11,80.05,76.97,6.3,12.13,15.29,21.15,0,1.5,4,0
14,8.02,17,81.82,68.74,6.47,4.01,0.14,10.8,0,2.95,1,0
18,22.19,4,77.19,66.24,0.34,9.24,21.6,4.19,0,16.74,4,0
17,15.94,10,11.75,5.0,2.34,14.81,28.45,5.96,0,0.48,2,0
3,18.99,28,34.58,26.37,1.17,15.48,18.16,17.56,0,24.24,1,0
19,12.86,16,52.15,59.43,1.85,10.11,30.52,13.95,2,9.52,5,0
12,37.11,18,63.6,61.54,1.37,9.41,8.83,10.22,0,8.41,3,1
7,44.78,37,92.73,55.71,0.37,12.56,34.03,7.3,1,11.87,2,1
12,24.9,9,43.8,31.35,6.36,9.51,21.82,19.82,0,12.95,5,0
23,31.58,20,88.75,58.41,0.98,7.52,28.95,17.0,4,10.5,4,0
20,41.89,11,24.71,34.67,1.19,1.54,4.56,15.8,1,12.16,2,0
20,47.95,23,43.42,36.06,7.46,2.27,12.52,9.81,2,8.49,5,0
11,30.22,17,14.71,5.0,0.28,13.68,33.84,21.59,0,8.05,3,0
18,42.93,5,76.82,60.23,3.36,0.44,-5.66,15.62,1,0.68,2,1
9,43.8,6,23.56,5.0,5.39,0.94,10.58,9.32,1,16.8,3,0
16,38.41,38,33.13,16.08,6.99,16.28,27.89,21.13,1,15.43,1,0
15,23.2,6,79.77,62.55,3.16,12.67,26.22,19.71,1,16.72,5,0
5,5.73,36,58.12,52.95,4.27,0.08,31.17,16.28,0,23.53,2,0
6,2.73,41,11.26,5.0,5.38,5.62,26.01,16.87,1,11.83,3,0
1,23.95,23,10.2,5.0,1.99,13.74,35.57,9.32,0,22.04,1,0
3,24.74,16,55.96,52.74,0.82,7.52,14.92,11.16,1,11.1,5,0
10,20.74,35,37.45,16.14,7.91,8.44,20.72,4.21,2,11.94,2,0
11,28.14,44,26.23,22.52,3.89,8.26,30.99,13.1,4,15.82,4,0
3,27.4,8,65.22,51.47,2.34,3.64,24.28,8.14,1,5.4,2,0
10,40.48,43,30.56,39.27,0.4,12.99,-3.31,7.64,0,5.43,3,1
14,7.0,42,63.3,47.3,3.3,1.85,8.88,20.86,1,12.75,3,0
5,12.36,9,44.13,32.88,0.04,9.13,17.42,3.63,1,1.72,2,0
8,38.48,6,26.81,28.6,2.31,3.06,26.72,18.26,1,5.92,3,0
8,41.0,33,22.43,5.56,1.03,0.84,17.0,6.19,0,19.84,3,0
12,47.76,7,31.32,22.44,1.36,2.58,27.77,0.63,0,11.59,2,0
8,42.15,28,12.68,5.79,6.53,15.65,30.53,0.89,3,0.67,1,0
17,42.94,6,37.73,28.18,1.04,3.17,4.2,9.44,3,1.52,1,0
7,16.46,32,91.18,78.75,2.43,5.01,20.34,10.0,1,22.99,3,1
10,20.48,13,84.82,71.15,1.05,2.49,17.63,7.05,1,23.92,2,0
9,14.33,7,43.48,27.18,3.03,13.24,2.46,14.71,2,16.03,2,0
4,29.89,6,61.83,49.45,2.64,8.02,14.53,10.68,1,4.62,4,0
16,45.19,11,61.06,61.04,2.32,16.99,17.23,1.63,2,9.2,4,1
5,17.85,26,84.59,58.5,5.4,11.96,29.6,7.66,2,7.64,5,1
7,27.62,7,31.27,25.69,0.28,9.57,13.21,2.24,2,19.63,4,0
19,15.63,36,36.67,26.87,0.17,11.82,-4.28,1.38,1,13.43,3,0
22,9.81,28,37.16,28.42,0.53,0.73,14.42,4.58,3,19.49,5,0
16,10.98,16,13.68,5.0,2.66,17.11,30.55,15.41,0,9.01,5,0
21,4.67,44,38.32,42.59,3.52,17.22,18.28,15.31,2,21.74,2,0
20,45.67,31,89.01,62.46,3.47,4.97,6.67,18.95,0,10.73,1,1
11,20.53,31,92.08,81.06,1.59,11.31,34.36,16.64,2,10.43,5,1
18,40.37,11,19.87,9.9,8.07,3.63,-0.84,11.78,0,12.23,5,0
7,33.34,33,51.23,34.33,3.25,9.85,7.04,6.88,0,14.8,5,0
11,10.83,26,44.32,45.49,7.34,13.87,12.11,0.13,1,22.35,3,0
12,10.07,44,54.04,51.1,6.27,16.92,25.95,14.24,2,11.44,5,0
23,39.35,23,59.92,48.62,1.59,6.11,30.44,6.37,1,23.25,4,0
20,14.18,31,11.82,16.07,4.83,12.48,-5.31,5.5,1,9.84,4,0
11,44.01,17,85.8,64.33,1.59,12.9,28.43,21.45,2,8.11,4,1
15,8.44,5,97.63,76.08,8.88,3.98,25.14,3.83,0,7.38,2,0
4,33.17,9,68.81,47.71,1.75,11.32,33.15,0.71,1,0.53,4,0
19,39.47,39,69.44,62.3,3.67,11.8,33.42,20.89,0,21.23,5,0
13,12.82,34,57.52,38.62,10.21,13.75,27.77,6.73,3,1.98,5,0
12,14.71,18,40.08,44.63,3.81,18.0,0.75,8.66,0,8.36,3,0
18,46.37,32,23.41,15.42,1.41,0.72,6.44,1.78,1,6.26,1,0
15,14.17,4,62.57,48.99,0.44,3.64,35.07,8.89,2,18.61,4,0
1,21.78,5,14.04,17.78,0.28,2.61,19.52,21.39,0,23.31,2,0
6,21.9,24,84.21,65.89,3.46,2.78,16.78,15.27,0,20.42,2,0
4,13.64,29,47.88,34.67,2.09,8.18,34.12,10.42,4,8.0,1,0
17,37.69,42,47.33,36.65,0.54,15.81,32.21,6.76,2,11.39,1,0
0,37.51,35,39.45,38.81,4.39,8.08,25.46,8.05,1,6.18,3,1
4,19.4,14,97.24,69.88,4.34,12.03,32.58,13.45,1,23.1,2,1
14,40.42,37,25.74,18.94,2.05,6.78,-2.76,5.6,3,2.97,2,0
16,11.8,24,23.62,18.51,7.6,5.75,26.85,3.34,0,23.8,3,0
12,2.2,37,24.9,27.2,0.2,15.02,36.42,15.32,1,20.34,3,0
20,28.27,11,69.27,53.13,1.47,11.8,-5.75,19.13,0,17.79,3,0
22,47.73,5,99.27,93.71,3.8,6.32,2.26,19.83,1,19.35,3,0
3,3.78,6,31.19,22.92,0.63,16.45,28.52,18.51,2,8.48,5,0
22,11.57,44,91.51,69.24,4.77,8.97,15.92,11.67,2,7.4,2,0
14,25.87,7,35.08,25.82,6.02,3.39,-4.02,17.35,0,9.54,1,0
15,39.26,42,68.31,41.43,0.01,8.7,4.33,20.38,1,4.54,5,1
2,6.1,33,13.64,5.0,7.81,12.14,6.91,0.51,2,18.66,1,0
14,20.18,9,54.61,37.82,3.59,6.61,6.77,9.07,0,11.88,4,0
17,36.37,39,68.91,63.97,1.29,15.19,32.37,4.49,1,22.15,2,0
13,19.09,9,58.27,45.15,0.33,9.6,22.45,21.93,0,21.96,5,0
2,10.69,9,31.41,20.13,5.33,8.42,25.81,20.45,0,3.9,1,0
12,10.99,27,84.56,77.0,0.5,15.46,-7.38,17.65,0,5.47,1,1
22,20.86,15,97.31,89.86,3.59,8.33,11.67,6.51,1,10.27,3,1
17,24.05,15,51.33,51.33,0.53,7.46,6.62,20.95,1,2.97,3,0
3,41.64,11,67.23,44.76,2.26,1.87,31.19,0.64,1,17.24,4,0
23,31.54,28,81.14,58.83,5.13,6.52,35.88,4.14,0,18.44,4,0
23,33.76,5,31.73,41.08,1.31,7.15,11.47,13.57,3,18.03,5,0
4,47.22,14,87.8,70.65,7.77,3.25,36.76,17.45,1,11.76,4,0
19,20.94,26,35.22,25.06,3.87,10.58,-7.34,19.44,1,21.08,2,0
9,20.55,23,79.82,68.73,0.64,2.59,6.98,6.61,1,15.15,1,0
14,44.47,32,20.09,24.74,0.37,4.03,27.65,8.6,0,24.84,2,0
10,13.31,12,35.95,22.9,0.9,10.1,8.56,10.01,0,20.39,5,0
18,35.57,30,58.03,47.24,2.16,4.84,34.36,0.59,0,18.06,4,1
23,36.71,35,57.24,52.99,8.36,11.51,2.05,19.01,2,3.08,4,0
19,6.5,19,86.54,57.06,9.65,12.43,28.6,7.43,0,20.82,2,0
22,23.54,14,99.65,77.84,1.25,5.42,1.28,4.38,0,7.64,3,1
22,11.23,26,19.65,5.3,1.21,1.57,1.07,9.0,0,10.47,4,0
2,10.53,27,34.42,18.0,4.47,8.81,12.5,15.63,1,11.57,5,1
6,23.34,7,42.18,27.84,4.44,1.67,35.47,19.16,4,8.28,3,0
17,15.31,27,53.1,45.71,6.79,9.27,18.93,4.74,1,2.71,1,1
14,38.62,10,54.45,39.57,6.94,13.07,21.21,3.8,1,4.98,5,0
1,43.75,27,87.06,62.07,0.82,11.17,-7.55,20.76,1,20.09,5,0
2,38.93,42,79.35,62.36,0.26,8.07,-5.4,12.12,1,16.31,1,0
12,14.24,26,11.7,5.0,3.93,17.03,-4.92,8.05,0,23.57,2,0
14,14.61,35,50.95,43.6,2.8,1.83,29.7,4.39,0,20.53,5,0
4,13.72,16,65.63,61.37,0.25,15.84,2.9,21.9,1,10.06,5,0
4,8.21,41,51.44,39.41,3.76,14.4,7.13,15.82,2,19.66,5,0
3,45.41,37,21.76,15.15,1.96,7.56,20.06,4.79,3,14.41,5,0
13,20.49,41,45.77,39.06,3.83,2.75,18.86,2.01,1,7.16,1,0
0,12.34,34,47.05,18.44,0.58,2.81,10.88,4.38,3,24.38,1,0
13,40.95,30,26.89,25.81,4.09,16.59,-7.8,5.45,2,23.21,3,0
11,20.36,25,78.07,88.81,3.14,4.21,12.68,2.44,2,2.8,4,0
11,3.62,42,38.93,29.26,4.36,15.73,25.99,5.05,0,20.99,3,0
16,9.45,38,63.01,48.07,1.36,9.06,2.82,2.57,1,1.94,2,0
12,31.41,21,56.42,50.7,1.04,8.31,24.58,8.31,1,23.22,2,0
17,38.01,7,88.97,84.2,0.32,11.15,-7.3,10.7,2,15.6,4,0
18,11.7,4,20.98,25.14,1.63,3.87,33.77,10.02,2,4.16,5,0
22,44.2,13,20.28,5.0,5.8,7.71,35.7,18.24,1,20.43,5,0
19,41.15,6,37.03,33.95,7.19,16.89,-7.89,5.59,1,12.89,1,0
12,41.03,12,48.81,61.22,0.51,4.29,13.06,19.52,2,1.49,1,0
11,12.47,8,36.87,34.36,2.15,16.59,11.04,19.98,1,19.96,2,0
5,4.32,44,78.69,50.98,8.46,17.9,30.73,21.12,0,19.71,4,1
14,41.9,7,32.07,27.55,9.4,0.93,16.87,3.98,3,12.05,1,0
3,16.07,29,17.63,5.0,1.56,9.56,20.12,5.41,0,18.28,4,0
22,30.47,18,47.24,47.94,6.24,3.09,1.32,13.72,0,1.0,3,1
20,36.96,11,79.6,53.49,5.38,11.19,-4.46,3.1,1,7.95,4,0
2,7.9,32,86.55,68.18,5.01,17.81,23.85,1.88,2,16.83,5,0
18,37.92,43,76.0,51.56,0.19,16.14,20.55,1.62,2,5.77,3,0
2,45.17,36,60.21,42.05,1.16,16.65,30.29,13.34,2,11.26,4,1
17,35.51,43,75.18,72.01,1.92,3.84,30.86,17.7,3,23.3,3,0
2,22.3,28,71.33,56.56,1.86,9.76,21.03,5.7,0,20.67,4,0
11,42.33,31,31.09,19.22,2.13,4.23,16.76,20.54,1,13.95,2,0
15,26.26,10,59.57,36.16,10.22,16.19,34.04,17.42,0,14.42,1,1
17,36.26,38,79.35,45.05,1.62,3.44,28.86,1.7,1,22.18,1,1
10,39.74,34,38.54,18.8,3.28,2.77,32.59,8.96,2,21.58,4,0
22,36.47,14,68.86,54.72,3.17,0.22,37.81,1.5,1,2.21,4,0
18,15.24,18,53.33,50.42,2.16,3.28,10.56,20.13,0,11.64,3,0
4,7.42,29,55.28,38.08,0.56,3.42,24.98,16.34,1,4.77,4,0
16,12.96,4,18.1,28.26,2.46,1.39,23.65,15.1,1,2.08,3,0
17,25.13,37,69.96,48.11,0.07,15.62,0.01,15.02,1,7.31,2,0
8,25.24,15,87.91,66.43,3.59,14.04,21.28,6.27,1,15.27,3,0
17,28.8,7,22.73,8.01,0.05,4.58,11.69,20.54,1,19.86,2,0
21,20.17,17,42.95,42.42,3.3,14.1,12.73,20.3,2,22.81,5,0
19,38.2,38,14.38,30.09,1.09,7.6,0.29,16.27,2,10.57,4,0
18,44.01,15,12.67,5.0,0.67,13.96,26.26,10.32,2,10.56,4,0
15,13.35,26,99.07,74.16,4.53,5.81,24.11,1.04,4,3.83,4,1
6,35.88,37,54.41,53.82,1.41,10.16,16.49,0.62,0,4.87,4,0
19,33.19,5,42.0,19.73,2.34,6.87,-0.79,3.04,2,2.56,4,0
8,26.06,35,34.74,32.2,0.2,3.38,17.62,13.11,0,24.4,3,0
12,10.67,15,98.2,87.59,7.63,10.54,-3.39,17.56,0,3.19,5,0
7,38.58,32,32.7,26.21,2.57,13.51,7.61,20.87,0,18.92,1,1
7,46.19,11,75.31,63.7,2.57,13.56,9.13,3.86,1,7.94,4,1
3,35.2,9,35.54,43.57,3.66,6.41,32.64,6.06,2,13.43,3,0
23,44.22,36,16.34,30.28,8.26,9.34,11.12,1.19,1,21.82,1,1
3,47.27,37,71.49,55.21,1.55,13.75,19.53,21.76,1,23.4,4,0
2,18.19,44,10.15,5.0,7.87,0.98,32.24,17.18,0,6.01,1,0
22,31.36,31,70.82,46.96,1.49,1.29,11.58,10.58,2,22.78,4,0
13,23.8,23,32.53,34.17,1.13,6.77,32.65,12.66,1,6.3,3,0
10,47.38,11,77.15,47.83,3.43,4.02,-1.72,12.37,0,20.12,4,1
17,6.32,16,79.28,59.56,11.86,6.74,8.78,5.6,0,0.38,4,0
9,20.97,30,75.17,59.56,6.23,1.69,-3.64,4.08,3,13.38,2,0
3,42.27,18,12.2,5.0,3.79,10.66,17.8,6.53,2,18.15,4,0
17,15.07,23,73.34,59.72,3.38,12.09,36.03,5.44,3,20.97,2,0
4,38.24,10,99.11,100.0,2.44,14.25,22.22,12.27,1,21.03,4,0
13,19.61,22,31.84,23.74,7.58,11.71,20.8,6.78,2,7.47,1,0
22,47.08,13,34.68,23.13,4.63,7.13,4.8,16.04,0,21.33,1,0
22,42.64,8,83.22,74.05,0.31,16.83,34.83,12.49,1,8.09,4,0
8,15.86,9,24.44,21.22,0.68,13.07,13.69,11.71,2,5.84,1,1
18,37.43,25,69.45,67.13,3.91,9.5,4.28,20.93,3,0.04,5,1
14,17.5,19,77.95,62.29,0.52,3.72,37.43,7.09,1,5.89,1,0
11,29.89,8,13.34,8.17,2.56,11.68,11.46,13.98,2,2.96,3,0
3,32.29,25,59.84,30.62,4.98,10.65,9.09,0.0,0,16.87,5,1
9,40.16,10,61.83,33.65,3.46,12.3,-6.39,16.21,1,3.62,4,0
15,3.12,4,37.31,12.58,0.41,14.06,0.2,11.06,0,14.63,4,0
23,12.13,9,88.87,72.73,0.73,16.47,29.22,4.58,0,3.16,4,0
0,34.75,22,24.65,6.96,3.56,17.08,14.2,0.03,1,17.61,4,0
17,27.92,43,42.78,44.67,10.86,11.34,35.92,15.55,3,7.14,1,1
20,24.8,13,86.38,67.65,2.05,17.39,-4.14,14.58,1,7.72,2,1
22,4.54,15,27.16,18.99,5.13,16.41,20.33,14.64,1,16.01,1,0
10,18.02,13,83.92,57.87,3.49,0.05,25.12,9.62,0,23.47,2,0
2,41.79,18,17.12,18.95,1.08,11.48,20.57,14.06,0,24.79,2,0
6,3.42,33,54.03,34.9,5.18,3.21,16.37,12.57,1,8.93,4,0
20,20.24,17,16.78,5.0,0.19,5.31,18.6,5.26,0,23.66,5,0
21,45.48,30,71.01,66.08,4.85,5.36,23.72,11.41,1,15.31,3,1
15,4.34,40,81.15,66.49,3.69,8.7,31.71,11.32,1,22.66,1,1
2,36.49,42,86.49,65.35,1.21,0.2,7.47,18.12,1,0.7,4,1
2,13.85,27,98.31,82.46,0.6,4.24,13.14,9.54,0,0.83,3,0
11,41.86,33,70.48,55.06,1.34,0.52,21.25,9.59,2,1.86,4,0
14,36.32,41,79.22,65.24,0.98,11.71,6.45,21.66,1,20.11,2,1
0,42.74,36,55.52,35.95,1.71,16.01,0.22,19.68,0,3.45,3,1
16,11.93,16,92.15,90.51,1.51,17.96,36.44,5.33,1,4.41,4,1
13,26.44,9,67.94,47.78,1.21,8.07,0.96,20.03,2,14.63,4,1
0,37.85,8,89.52,83.83,0.17,4.68,2.71,3.04,2,23.94,2,0
2,13.3,40,31.19,22.63,0.48,15.36,20.46,18.77,2,14.18,3,0
10,12.61,26,54.71,49.93,5.9,2.04,-4.44,4.03,2,18.31,5,0
17,3.25,16,75.68,65.64,1.25,17.54,-6.43,9.36,3,4.69,1,1
19,46.09,18,28.24,32.35,1.75,12.87,-5.06,21.65,0,22.85,2,0
10,34.66,15,29.02,15.07,1.42,9.07,-2.33,2.14,1,1.4,3,0
7,31.24,36,98.02,86.14,7.73,1.74,11.74,18.48,2,7.07,5,0
23,36.22,29,49.11,54.93,0.95,0.33,30.15,10.88,0,11.34,5,0
11,26.45,40,26.36,18.24,0.86,9.8,7.73,2.44,1,5.65,3,0
7,23.9,16,39.83,31.38,3.76,7.45,11.67,20.95,0,16.59,3,0
10,22.68,23,45.76,30.98,2.76,15.17,19.61,12.08,0,16.97,3,0
0,31.46,8,66.08,48.42,3.86,11.56,5.9,19.37,0,5.3,3,0
7,11.27,43,93.07,88.0,3.64,7.77,11.9,19.12,2,0.21,4,1
12,42.85,24,98.79,68.02,5.29,4.07,9.77,0.32,2,1.86,3,0
22,39.34,26,68.65,45.07,0.39,8.65,7.73,5.83,0,0.01,3,0
17,18.08,20,72.99,71.43,3.44,2.93,9.87,7.41,0,22.63,5,0
18,28.62,15,38.96,36.01,0.87,12.01,-7.49,11.77,0,15.54,1,0
13,8.49,42,87.14,87.06,0.08,10.9,32.77,1.58,3,3.46,5,1
2,46.73,24,29.6,19.04,3.62,14.58,36.96,8.56,3,2.31,4,1
9,43.53,31,19.57,16.4,3.43,8.09,31.67,17.92,0,20.44,3,1
23,44.41,5,97.59,70.18,2.24,5.02,-7.74,3.81,2,20.28,3,0
1,17.28,15,87.77,69.75,5.37,15.06,26.54,15.43,0,23.18,3,0
21,9.78,36,37.33,13.15,0.88,12.44,18.36,10.13,1,3.98,3,0
16,11.74,7,70.77,61.36,4.17,12.72,-3.67,1.56,0,13.06,2,0
6,6.14,8,52.03,43.5,1.92,9.51,34.91,3.9,2,3.04,4,0
18,7.53,37,39.08,29.97,2.08,15.77,27.71,3.1,0,19.89,2,0
20,5.28,16,35.81,24.42,0.12,4.1,-1.32,13.63,1,10.31,4,0
1,47.53,15,22.24,9.3,5.42,7.23,36.35,1.92,0,17.4,3,0
2,5.41,27,59.44,52.91,3.3,14.33,-2.19,18.11,2,0.76,2,0
15,8.1,11,50.19,28.61,4.03,2.39,12.92,17.75,1,19.45,5,0
23,40.05,5,56.1,48.36,0.73,14.55,-0.69,1.76,0,5.74,2,0
0,28.69,4,29.38,41.59,2.96,6.35,-1.09,19.54,1,21.07,4,0
15,37.62,7,94.47,87.06,1.92,2.26,36.52,21.1,2,4.65,2,0
3,31.02,10,67.47,39.08,3.47,1.42,18.32,0.96,2,19.75,2,0
15,42.58,32,90.96,66.12,2.83,15.17,3.92,20.91,3,3.35,3,0
14,31.37,16,19.83,19.26,8.97,14.02,27.71,6.15,4,16.59,5,0
2,26.02,6,66.06,50.89,6.85,5.18,32.26,14.62,0,19.48,2,0
16,34.79,4,86.45,54.84,1.69,2.09,34.21,3.85,1,9.66,1,0
21,22.58,23,39.78,34.5,3.61,4.45,34.92,17.98,0,6.11,1,0
20,17.92,38,27.56,21.41,1.54,3.83,33.66,18.52,1,8.61,3,0
0,23.51,17,33.85,43.63,5.25,13.2,21.39,21.52,0,7.41,4,0
5,9.81,6,34.56,24.68,2.01,3.88,7.75,21.84,1,15.83,4,0
5,38.64,13,50.25,49.71,1.32,3.89,34.58,1.67,1,1.11,2,1
10,13.99,24,39.34,19.28,2.92,0.58,-2.37,14.48,1,1.04,5,0
3,9.06,11,34.41,17.59,6.42,10.74,-0.24,6.01,0,7.19,1,0
20,13.33,44,68.37,59.82,5.6,12.4,11.96,2.76,2,6.92,3,0
18,40.74,35,14.77,21.28,1.41,11.76,5.05,3.27,0,4.43,5,1
19,17.19,18,40.63,23.08,8.35,10.23,20.32,20.6,1,17.92,5,0
4,33.56,43,72.08,56.44,0.79,17.39,33.64,15.04,1,0.59,4,1
0,41.39,17,25.83,7.71,1.14,8.51,14.59,1.11,1,23.11,2,0
21,5.58,9,29.88,21.68,5.06,15.48,17.48,21.65,0,18.94,4,0
6,37.19,42,28.06,29.42,0.09,11.63,11.46,17.77,0,10.07,2,0
15,16.15,43,10.08,5.0,2.34,1.51,24.55,6.8,1,21.47,2,0
21,11.96,16,52.64,38.82,1.69,14.58,-3.37,10.36,1,15.45,3,0
0,33.69,28,13.51,5.0,8.74,10.52,-5.76,15.98,0,14.26,4,0
0,43.85,11,34.56,21.13,0.61,11.76,21.5,14.87,2,7.83,2,0
0,15.57,30,99.53,93.46,0.71,3.24,16.6,10.19,0,16.58,5,1
3,28.17,32,92.66,72.93,9.71,7.87,10.74,11.27,0,3.49,5,0
1,15.33,33,29.36,13.88,1.71,15.85,7.36,0.95,1,13.12,2,0
19,27.5,27,37.9,26.73,6.21,3.88,-5.62,11.01,1,2.9,2,0
14,30.61,32,51.73,25.98,1.42,0.0,23.31,7.49,0,11.13,1,0
23,30.08,26,86.0,57.95,1.08,4.64,11.39,6.27,1,15.41,3,1
19,30.68,37,82.24,76.39,6.47,8.78,12.48,5.93,1,3.89,1,0
23,8.21,11,21.36,15.38,11.6,14.78,33.1,14.28,0,5.55,5,1
5,33.9,23,21.2,33.55,6.88,11.58,25.93,9.44,0,20.33,5,0
6,33.04,21,47.51,36.2,1.32,16.54,2.09,9.37,1,6.39,5,0
20,33.4,25,88.31,68.56,2.24,8.2,22.23,3.5,0,2.39,2,0
5,5.41,9,89.39,75.49,0.76,7.03,-1.92,21.16,1,8.27,4,0
1,22.55,17,19.66,5.0,0.94,4.17,0.93,4.93,0,23.38,3,0
16,20.82,43,61.69,49.96,0.88,3.93,24.85,8.93,0,17.34,2,1
19,5.99,8,24.01,18.29,1.46,13.25,-2.21,4.18,1,14.39,3,0
23,12.23,30,71.75,69.34,2.62,1.45,4.89,15.47,3,21.01,1,0
22,22.28,31,92.48,80.82,2.34,4.37,33.31,9.59,3,16.5,5,1
2,36.17,23,50.93,29.52,4.45,15.95,25.96,9.1,3,20.28,1,0
18,12.9,5,17.48,24.81,2.75,10.38,34.76,19.25,3,16.43,2,0
20,40.17,5,62.13,46.1,4.09,0.84,32.56,16.71,1,21.61,2,0
16,27.11,15,46.77,28.34,4.68,12.68,6.38,11.44,0,15.6,3,0
19,36.98,8,82.98,66.5,1.35,9.12,21.09,10.31,1,6.62,4,1
20,23.74,7,40.63,29.87,1.96,15.38,9.42,21.12,0,1.03,5,0
10,24.96,10,88.74,83.06,21.37,12.28,24.07,21.04,4,2.63,2,0
0,30.51,11,34.63,30.08,1.23,0.08,8.03,15.5,0,12.81,2,1
10,44.69,38,24.18,20.71,4.3,3.7,-7.94,16.72,1,24.29,1,0
4,24.62,30,37.58,37.42,0.44,4.64,-3.68,19.78,1,18.99,3,0
2,26.32,5,13.14,20.09,4.8,12.64,27.47,21.21,0,19.39,5,0
2,29.69,29,35.31,34.6,1.0,9.17,-4.14,1.81,2,16.59,1,0
16,35.93,9,69.41,66.92,2.42,13.45,19.57,21.94,2,22.59,5,0
12,5.31,21,22.81,23.27,2.18,9.23,31.46,15.47,2,18.39,2,0
12,25.72,5,20.02,17.13,2.23,5.89,26.09,13.04,0,6.46,5,0
17,24.15,7,21.91,28.25,1.89,1.87,11.02,9.09,1,12.49,1,0
13,44.4,9,16.98,12.43,3.5,3.65,1.6,7.4,1,10.11,5,0
15,24.7,21,88.72,69.5,6.02,7.21,34.44,17.69,1,4.13,2,1
2,23.54,22,94.97,89.57,0.71,9.93,18.05,14.4,2,5.56,2,1
20,46.26,18,14.19,25.67,1.94,16.9,10.65,4.42,2,7.13,2,0
10,22.73,29,78.41,61.08,0.15,4.31,35.33,13.42,3,4.34,1,1
3,10.32,33,76.34,55.47,2.72,11.99,1.89,3.11,2,5.43,4,0
19,11.98,33,99.72,90.95,0.63,2.75,12.34,10.93,3,22.91,1,1
17,6.38,27,41.31,39.42,2.31,12.85,-3.0,12.84,2,8.58,3,0
1,2.03,26,35.7,30.68,2.82,0.2,-2.26,13.99,2,20.69,5,0
4,21.87,24,50.78,36.71,0.21,11.81,10.34,3.2,1,1.61,3,0
0,37.39,13,87.09,70.92,3.25,2.94,24.18,2.1,1,24.55,5,0
6,35.74,23,75.57,58.75,5.78,3.25,7.59,5.69,1,19.12,4,1
2,3.48,4,52.45,34.93,3.96,10.06,23.72,13.35,2,22.67,4,0
17,28.22,43,32.01,26.13,0.73,6.76,29.04,20.5,2,13.15,5,0
12,9.1,19,75.43,61.23,2.17,8.48,32.37,17.14,4,15.86,1,0
23,45.29,35,86.91,64.41,2.42,5.56,-5.94,16.41,0,9.02,2,1
17,9.7,43,46.0,44.01,1.98,17.16,27.59,7.27,0,10.8,2,0
14,30.83,24,70.17,66.33,0.4,5.23,-1.23,2.46,1,18.77,1,0
12,17.01,39,46.02,44.62,0.89,9.76,24.12,19.62,0,1.25,1,0
1,31.51,23,53.06,38.9,1.8,15.38,9.1,11.02,1,0.91,1,0
1,20.96,9,57.24,51.45,2.79,11.96,24.56,2.21,1,21.87,5,0
14,36.94,5,79.82,62.96,1.22,5.81,1.84,11.77,0,2.75,5,1
0,12.61,9,97.98,65.3,0.11,9.94,21.67,14.86,2,18.03,3,0
1,43.67,42,49.99,45.05,1.31,1.49,-2.23,7.04,2,4.99,5,1
5,25.01,23,40.81,33.15,8.96,9.82,-0.19,0.2,1,9.16,2,0
21,36.78,17,43.62,57.37,3.27,7.77,20.27,13.68,1,7.34,3,0
11,41.09,22,22.05,30.31,2.71,13.64,7.49,0.88,3,12.26,5,0
17,47.95,14,36.72,35.05,0.88,15.26,24.37,9.52,1,20.67,1,0
9,12.3,39,17.78,16.11,1.38,3.59,23.52,18.15,0,21.89,1,0
4,15.2,44,48.51,39.31,0.09,1.47,20.6,21.97,2,5.55,3,1
8,13.52,7,25.06,10.52,0.8,7.03,25.6,8.15,1,8.44,2,0
2,14.09,33,41.18,16.47,3.12,9.61,28.52,0.44,1,20.92,4,0
18,28.79,17,81.42,55.66,2.73,6.78,33.93,10.84,0,2.24,4,1
4,47.7,5,32.13,24.63,1.08,11.31,-4.3,6.08,0,2.92,2,0
9,47.55,41,65.07,31.81,1.97,9.1,18.29,19.64,0,11.99,1,1
23,26.23,6,91.11,66.16,2.34,16.86,26.44,15.65,2,19.75,1,0
14,31.4,12,61.02,45.37,1.16,7.37,1.98,8.9,1,8.4,3,0
11,41.56,5,27.44,19.47,3.44,1.48,4.13,16.76,1,1.74,2,0
13,44.91,23,41.03,26.05,2.68,5.43,4.28,7.51,0,24.2,1,0
18,11.38,28,63.13,46.17,1.43,10.91,18.33,11.48,3,23.47,4,0
6,26.31,17,55.6,58.88,0.45,4.61,8.84,20.3,0,16.3,5,0
15,40.31,6,23.38,24.19,1.32,4.84,22.64,4.4,0,17.05,5,0
20,15.95,8,50.21,34.12,1.22,6.11,20.07,6.89,0,23.34,1,0
13,22.23,42,58.88,45.31,1.08,13.43,22.23,19.48,1,16.1,1,0
10,47.34,37,34.06,26.31,0.22,16.92,3.61,10.16,0,19.71,3,1
3,47.31,42,65.12,43.88,7.12,6.31,27.3,6.99,0,11.59,5,1
5,43.68,25,16.31,5.8,6.84,3.52,22.55,0.82,0,5.7,3,0
22,38.73,26,40.29,40.52,1.9,7.57,-1.99,9.22,1,20.81,3,0
12,14.38,36,82.38,60.48,2.77,6.33,1.21,11.01,1,17.11,5,1
7,16.76,29,33.34,16.15,3.39,17.82,5.84,8.94,2,7.24,4,0
10,27.18,21,64.47,49.9,1.93,8.35,35.06,6.1,0,15.58,5,1
13,27.8,15,46.9,37.65,2.96,12.23,7.01,8.12,2,20.41,5,0
12,25.25,23,38.48,12.26,3.84,16.45,-7.09,14.13,0,6.76,5,0
16,31.29,6,92.45,71.75,2.59,11.32,-1.49,19.61,0,19.2,3,1
6,20.78,11,40.89,39.71,4.46,4.49,-6.52,14.29,0,1.81,2,0
15,36.46,34,31.3,28.48,1.04,10.93,10.53,14.22,2,15.62,1,0
10,17.34,39,91.84,91.7,2.17,7.23,28.67,17.97,0,24.97,4,1
22,17.21,8,77.13,71.43,16.12,7.6,12.72,3.63,0,21.66,2,0
3,7.85,7,71.36,68.7,5.4,17.63,30.59,6.62,0,21.89,1,0
3,10.68,7,14.46,36.48,2.64,5.01,-5.81,1.11,1,17.01,5,0
11,41.12,36,21.81,23.83,0.71,8.44,13.61,7.69,6,11.53,3,0
12,22.53,16,67.45,54.08,2.28,2.88,28.21,21.97,0,16.93,3,0
16,12.48,17,28.85,31.27,5.09,3.21,23.04,7.24,0,8.03,4,0
9,36.93,4,30.31,18.61,4.23,10.86,31.23,18.92,2,13.82,2,0
21,27.48,43,80.12,63.46,0.13,13.52,4.6,1.89,3,13.49,5,1
11,2.97,21,35.73,22.04,0.24,11.46,15.04,10.11,0,13.59,3,0
3,16.55,36,16.44,16.41,3.44,5.93,23.14,7.73,1,10.3,3,0
2,10.14,33,13.28,5.0,0.27,1.07,-0.25,4.43,1,8.82,2,0
23,32.17,9,49.89,32.73,0.67,8.46,29.53,8.2,0,8.26,4,0
3,14.65,36,65.54,54.84,1.86,9.08,6.33,14.33,1,5.62,2,0
22,4.99,26,88.2,67.56,5.83,13.87,-3.71,10.79,2,10.96,4,0
6,4.53,28,19.97,5.0,3.59,11.53,27.22,18.58,1,2.94,5,0
2,28.76,12,27.7,8.51,1.63,15.68,24.43,19.91,0,22.54,1,0
7,3.0,38,57.68,34.67,4.57,14.09,32.65,10.6,4,1.74,3,0
14,41.04,42,42.77,25.41,11.08,6.59,33.04,21.6,1,20.94,4,0
10,9.15,20,53.43,45.4,2.3,11.38,4.81,1.58,4,6.03,2,0
18,29.9,7,93.17,74.64,0.41,13.45,21.5,6.08,1,21.33,1,0
14,22.46,38,59.04,55.64,0.7,17.22,37.96,9.17,2,18.01,3,1
9,22.37,40,47.36,43.72,0.69,7.6,3.22,12.82,1,23.02,3,0
15,5.3,24,99.05,86.91,0.92,11.67,13.75,12.01,2,21.76,5,1
23,38.93,27,15.87,17.85,1.51,7.07,33.87,12.5,0,17.53,5,0
9,43.08,13,93.89,75.12,2.86,13.28,-3.26,19.72,1,3.79,1,1
3,2.51,6,55.15,52.91,0.32,16.42,34.7,6.11,1,13.73,2,0
9,10.22,42,55.34,51.44,3.81,16.55,14.46,17.97,0,8.5,1,0
20,43.58,23,92.98,75.91,1.23,2.83,33.08,12.28,0,22.14,5,1
5,27.28,15,55.66,54.85,0.79,3.67,20.58,10.79,4,21.81,2,0
22,8.9,32,49.46,17.46,1.71,13.59,22.89,6.59,0,7.85,5,0
14,11.33,5,34.52,24.31,6.7,11.36,27.56,6.69,0,16.79,1,0
14,32.36,7,69.29,51.3,4.29,16.29,-4.91,8.55,1,8.46,3,1
7,35.34,13,61.27,58.16,4.04,5.65,20.88,16.8,3,16.95,1,0
22,29.57,22,29.29,36.99,8.68,15.26,34.5,10.49,3,15.35,3,0
0,45.84,19,73.85,44.55,3.0,12.31,35.98,3.38,1,12.77,1,0
7,24.73,11,67.97,65.72,9.33,3.52,36.54,16.72,3,21.96,1,1
10,15.81,18,45.76,25.15,9.92,2.28,21.71,14.59,2,6.15,1,1
11,23.95,17,10.4,5.0,0.33,12.65,21.13,20.88,0,19.94,4,0
11,18.54,25,50.19,37.04,0.2,2.85,17.41,11.65,2,17.24,4,0
3,12.32,27,10.55,5.36,0.63,14.3,19.95,14.4,0,7.03,3,0
5,4.11,40,16.75,5.0,6.16,10.03,20.16,10.55,0,10.54,1,0
2,18.2,37,48.75,43.88,1.74,8.58,-6.05,14.98,0,1.73,2,1
13,34.72,15,17.37,19.67,1.52,4.96,-3.91,9.59,0,14.94,2,0
8,2.85,41,34.81,36.64,4.68,17.71,20.49,3.03,1,22.2,5,0
13,22.2,25,68.99,49.91,1.16,13.0,6.45,21.71,1,2.95,4,0
14,31.62,11,37.78,29.11,2.64,14.01,5.87,15.85,1,3.3,1,1
16,30.08,17,99.79,77.56,3.81,13.84,0.9,13.39,2,11.86,1,0
13,37.73,34,92.47,87.32,0.71,10.51,28.85,10.59,3,7.03,2,0
15,39.28,37,62.68,23.38,0.51,16.91,36.36,15.65,2,6.92,2,0
14,34.74,19,97.03,67.07,2.29,10.51,20.88,2.79,3,15.97,3,1
15,6.73,10,88.12,68.78,2.59,9.36,35.49,7.17,1,10.26,5,0
14,23.85,11,38.7,20.42,4.37,4.93,32.66,2.74,0,21.12,1,0
7,29.76,8,77.46,58.1,0.61,5.07,2.02,2.77,1,10.72,3,1
5,13.3,32,22.31,16.27,0.96,13.26,-0.94,0.47,0,15.38,3,0
18,3.96,24,71.61,49.94,9.84,6.03,1.73,16.63,1,9.95,4,0
8,12.29,22,54.2,42.85,5.29,13.12,-3.57,5.0,4,6.4,3,0
13,22.93,31,11.51,14.63,1.92,17.15,18.81,18.3,0,11.78,3,0
4,21.04,37,34.68,24.92,6.03,7.91,5.0,19.9,2,18.01,2,0
10,10.13,36,95.98,70.79,0.61,1.75,33.99,3.71,1,23.82,5,0
12,39.92,9,38.42,28.48,1.7,12.0,20.22,15.6,2,1.05,2,0
15,44.58,28,26.33,20.47,2.57,0.17,8.54,10.13,3,13.3,1,0
12,11.26,40,26.88,5.3,1.49,14.17,37.29,20.22,0,15.9,1,0
8,44.76,35,53.13,45.59,1.55,9.46,35.85,10.66,0,2.14,1,0
23,2.82,17,85.84,62.89,4.18,8.82,27.82,8.34,0,20.73,2,0
12,44.55,20,78.22,72.37,5.36,10.25,28.42,6.48,0,6.9,5,1
19,45.79,40,49.32,43.79,1.32,9.3,36.95,19.88,1,21.87,1,0
17,2.55,5,28.79,32.98,0.36,5.83,19.62,4.98,0,13.82,1,0
13,37.1,25,14.15,5.0,0.25,5.07,32.48,18.21,1,3.8,3,0
21,46.63,8,51.64,36.93,0.07,7.48,-5.02,4.27,0,18.48,3,1
3,43.67,40,83.33,53.82,8.57,16.11,17.49,14.15,3,3.93,3,0
22,46.65,5,75.67,52.68,4.19,2.44,15.12,9.92,1,18.01,1,0
20,27.31,4,46.77,47.75,3.41,5.85,-6.26,2.3,2,20.2,2,0
12,5.6,17,63.52,62.94,1.13,3.46,-4.0,2.77,2,14.39,2,0
17,41.09,12,49.26,28.09,1.12,7.69,-7.0,6.19,0,6.78,4,1
12,30.24,24,62.11,44.32,5.51,2.4,5.52,16.87,2,10.93,4,0
6,30.28,16,56.58,43.44,0.2,13.69,-5.54,16.04,0,13.2,5,0
19,21.19,18,71.29,60.87,1.39,1.86,11.47,4.51,1,16.64,3,0
5,28.3,27,55.69,27.6,6.2,11.97,29.39,10.48,2,15.85,3,0
7,9.06,26,94.65,59.4,1.39,4.82,20.24,2.13,1,10.01,3,0
12,36.03,42,48.52,42.25,4.0,8.5,22.99,15.75,1,18.95,2,1
20,5.45,23,11.43,5.0,2.0,3.6,-6.55,17.45,0,19.29,1,0
9,35.57,27,31.27,20.37,1.92,13.14,30.62,19.66,2,17.41,3,0
11,41.05,31,55.05,44.4,2.33,17.07,-1.28,19.49,0,6.8,2,1
0,23.73,11,58.65,49.49,1.76,3.99,5.92,7.43,2,11.73,2,0
2,25.45,31,59.71,45.3,0.48,17.16,15.77,5.6,2,10.82,4,1
1,16.36,39,74.31,54.67,1.78,5.85,34.78,19.72,3,20.42,1,0
1,46.6,17,34.72,34.68,0.09,10.04,37.91,3.21,2,20.2,1,1
20,35.72,11,69.84,57.04,1.37,12.63,28.0,1.31,0,21.65,2,1
20,18.97,18,73.36,51.4,4.3,3.59,25.55,6.91,0,5.78,3,0
19,10.04,15,47.02,37.01,8.19,8.01,16.27,16.73,2,18.71,5,0
1,12.1,27,46.2,39.48,7.11,1.22,22.62,15.27,1,21.76,3,0
1,23.34,39,26.1,35.82,0.59,12.55,-1.36,21.72,2,4.16,2,0
6,45.36,28,47.26,43.94,0.27,7.5,4.38,7.91,3,1.0,2,0
13,35.77,9,80.81,73.97,2.57,16.05,37.29,6.07,2,2.64,2,1
8,11.9,16,91.81,66.11,2.18,4.93,37.06,8.32,1,15.16,2,0
11,41.54,32,63.43,44.75,3.74,16.62,6.86,17.21,1,10.54,4,0
4,19.4,17,36.94,26.7,1.02,2.54,3.09,4.71,1,4.88,4,1
17,41.18,28,71.41,54.4,2.25,10.93,2.56,20.85,0,13.21,4,1
7,13.12,32,76.61,50.69,2.13,5.54,14.3,11.28,0,19.64,2,0
1,30.46,17,39.9,42.51,1.42,3.27,2.29,17.23,0,21.4,2,1
17,44.63,30,84.39,73.77,0.17,1.69,21.83,18.2,2,18.79,1,0
21,13.86,20,16.63,10.22,4.24,11.8,-4.56,10.53,1,22.14,4,0
0,33.87,9,10.97,14.33,2.58,4.2,-3.23,16.31,2,15.1,5,1
10,47.42,19,21.07,18.44,4.51,10.31,4.74,8.02,0,20.93,1,0
19,8.93,22,24.04,25.23,5.5,17.63,27.76,17.84,2,10.43,1,0
16,6.07,4,89.1,57.4,1.94,5.69,6.87,18.13,0,21.31,2,0
20,33.01,40,48.25,36.32,4.27,0.63,13.66,12.46,2,22.4,4,0
9,17.63,25,34.74,26.58,8.35,2.57,22.2,4.8,3,17.16,2,0
8,5.28,5,48.62,43.53,10.6,2.15,28.27,21.34,0,10.78,1,0
17,23.86,39,45.54,29.86,2.9,8.34,6.13,20.83,1,7.04,2,1
3,36.67,39,37.13,6.46,3.13,13.4,25.62,13.64,2,8.13,2,0
5,15.12,4,22.41,7.75,2.86,5.34,5.16,21.65,0,3.31,2,0
14,17.41,10,69.03,53.3,3.62,2.63,21.65,11.06,2,1.18,3,0
16,40.9,18,22.29,17.96,5.3,11.53,12.74,8.26,1,10.36,2,0
2,25.92,24,79.79,77.39,2.8,5.42,34.62,10.13,1,1.07,1,0
12,40.77,33,28.15,27.2,10.12,10.35,37.18,1.01,1,22.01,1,1
8,22.53,21,75.82,59.88,9.0,16.81,27.61,12.08,0,16.25,4,0
12,45.84,29,82.5,64.06,2.33,5.24,34.11,14.66,0,21.09,4,1
23,31.94,4,21.28,26.54,2.31,9.22,-1.72,2.41,0,11.11,2,0
1,7.33,31,17.81,8.58,1.3,14.52,22.11,5.62,2,5.6,5,0
23,42.71,41,95.46,73.2,3.8,12.45,1.12,15.87,0,7.26,3,1
10,24.51,25,51.67,30.5,1.57,13.53,4.74,17.46,1,21.37,4,0
18,8.52,22,66.72,64.81,1.23,13.91,16.05,21.69,1,3.05,4,0
10,9.02,16,12.09,12.97,3.73,9.72,26.13,5.57,2,17.46,2,0
7,33.63,43,35.08,21.0,0.54,9.65,25.19,18.51,5,5.64,3,0
18,4.18,5,55.49,42.25,5.38,12.94,32.0,3.79,1,8.83,3,0
16,15.18,15,89.76,74.6,3.87,12.56,17.73,2.88,2,0.08,3,0
3,8.43,9,34.43,24.6,8.62,12.06,34.61,16.04,0,11.98,4,0
16,22.29,39,79.77,57.41,2.95,6.88,32.84,9.81,0,3.21,2,0
18,21.06,23,69.6,48.4,4.43,14.91,31.06,17.47,1,21.49,1,0
9,26.01,41,20.37,18.94,4.95,4.25,2.56,6.22,0,2.44,1,0
22,14.86,31,36.4,25.17,6.65,2.8,16.45,4.69,0,6.26,3,0
15,3.47,26,31.41,20.41,2.64,6.21,25.87,12.07,1,0.37,5,0
8,30.26,25,49.83,26.84,1.29,4.57,36.9,2.54,0,24.82,2,1
0,19.19,12,67.18,53.1,3.02,11.94,-7.46,6.13,0,16.04,3,0
16,31.96,27,49.01,36.6,5.37,4.16,7.05,3.66,1,16.09,1,0
5,7.0,32,32.01,22.07,6.0,11.82,7.75,7.04,1,12.97,4,0
18,2.63,43,72.63,58.44,0.18,9.24,5.27,16.84,0,21.7,1,0
12,13.42,26,62.6,55.56,1.24,2.74,29.6,2.66,2,3.6,3,0
11,23.0,42,56.74,50.57,4.5,4.65,-5.93,13.46,0,19.82,5,0
3,20.13,42,59.9,51.69,7.28,9.39,8.53,12.86,1,20.18,2,0
17,39.27,25,29.97,21.21,2.11,13.2,24.74,11.84,3,0.9,5,0
3,19.38,22,71.24,50.46,6.2,7.17,10.71,10.65,0,3.32,1,0
10,26.4,9,44.88,25.61,0.17,4.19,-1.37,14.6,3,13.68,1,0
20,29.3,15,42.71,27.98,6.4,5.31,20.1,18.74,0,2.25,1,0
22,3.0,40,23.48,18.49,5.75,1.71,16.04,3.56,0,7.06,2,0
23,25.7,9,63.72,42.62,3.39,0.45,37.16,17.91,2,10.09,3,0
22,17.86,20,64.24,50.97,5.39,17.52,26.43,1.35,0,3.93,5,0
13,21.38,32,40.63,23.0,9.2,1.74,37.36,10.61,0,17.6,2,0
4,6.61,13,87.39,53.21,7.48,2.25,0.57,11.25,2,12.38,2,0
20,38.01,43,86.09,74.53,2.24,15.68,27.03,4.35,2,16.0,1,1
19,45.35,30,19.81,11.19,2.99,11.94,17.38,1.97,1,11.86,4,0
23,3.02,5,72.55,49.06,1.87,7.85,24.78,1.65,0,10.31,3,0
15,29.66,14,45.45,25.6,1.62,11.68,13.51,0.82,0,12.31,1,0
3,37.14,34,99.97,81.79,4.93,16.83,1.77,12.62,2,22.49,3,0
12,15.1,39,30.25,35.97,1.84,1.79,-5.9,3.42,3,9.9,2,0
10,38.23,42,35.25,23.87,4.92,4.39,30.56,17.79,0,16.06,3,0
20,31.09,38,49.79,36.9,2.11,15.49,29.48,19.78,4,20.85,2,0
9,44.74,7,34.18,36.31,2.44,14.05,-0.52,6.43,1,15.53,4,0
7,47.13,33,72.28,40.08,0.87,17.9,21.68,3.62,1,5.65,1,1
1,3.95,8,53.28,59.26,4.81,5.65,25.94,9.01,0,3.05,3,0
20,22.47,7,29.88,45.3,0.15,17.01,17.65,19.39,0,14.77,4,0
18,27.16,32,55.57,18.99,6.6,6.19,6.59,8.8,2,18.18,1,0
0,8.75,23,89.99,69.32,13.35,12.87,32.52,2.38,1,19.22,5,0
10,17.47,30,81.32,56.96,2.53,15.89,21.55,21.66,1,17.35,4,0
11,47.43,38,54.89,40.43,2.42,3.07,25.13,10.99,2,0.09,2,0
11,2.75,6,35.96,24.29,0.28,3.7,22.0,7.53,2,19.35,3,0
22,22.82,25,26.19,27.73,1.34,10.46,25.18,19.66,1,15.12,4,0
3,40.76,38,89.05,68.45,5.44,15.19,-1.33,20.4,2,24.7,3,0
7,16.9,22,73.92,49.46,6.12,1.42,34.44,10.93,1,19.11,4,0
4,24.07,25,61.49,46.42,2.86,15.32,5.15,6.75,0,10.76,5,0
5,46.99,24,89.15,74.17,5.16,6.18,30.48,10.62,1,16.9,2,1
21,23.84,41,20.95,5.69,0.89,7.31,33.1,4.82,1,15.4,1,0
22,8.02,6,71.42,40.89,3.54,6.12,21.96,10.52,0,8.43,3,0
1,4.38,39,29.5,40.95,8.07,16.41,19.52,5.05,0,13.34,3,0
15,45.49,37,20.85,10.48,4.2,2.35,-2.98,13.69,1,5.11,4,0
5,14.23,37,51.9,39.25,9.08,10.34,12.07,16.72,1,2.2,2,0
4,25.19,20,44.87,31.41,9.31,2.67,20.14,21.33,2,18.33,5,0
7,6.17,25,94.71,78.8,3.75,16.71,-4.23,18.54,0,9.6,1,0
4,21.49,19,39.16,46.5,1.89,14.36,-2.87,1.89,0,18.89,3,0
11,44.78,14,83.34,70.23,5.26,4.21,37.7,4.65,2,12.21,3,1
23,25.11,39,77.39,46.7,1.69,5.36,7.28,11.7,1,20.24,4,0
14,46.67,24,70.11,42.23,3.44,6.87,8.09,5.67,1,18.49,2,0
17,13.91,33,92.84,68.82,6.14,7.3,3.57,0.32,0,19.1,5,0
11,25.21,8,46.71,34.02,1.37,14.71,21.72,16.61,1,10.73,1,0
0,41.54,36,45.07,19.66,1.84,10.16,13.76,7.87,2,24.03,5,0
2,22.62,31,24.49,26.47,0.53,7.7,28.36,1.45,1,10.13,3,0
6,14.86,44,34.82,17.38,0.2,12.95,15.57,11.19,1,19.83,3,0
5,41.35,9,89.18,83.0,2.04,8.24,-7.29,21.5,0,12.24,2,0
20,19.93,26,52.69,57.49,3.02,2.31,14.2,14.93,1,5.88,2,0
20,26.41,24,40.72,29.53,10.22,1.93,-5.46,3.49,2,15.72,3,0
20,46.92,26,29.45,26.92,2.91,5.87,30.03,11.31,1,11.73,2,0
15,10.58,6,53.65,30.76,5.58,10.85,-2.77,19.84,2,6.6,1,0
13,15.86,23,74.5,63.72,3.53,2.43,1.98,1.19,1,9.56,3,0
15,3.43,16,35.8,23.44,0.13,9.9,13.16,14.03,0,4.0,3,0
9,20.02,29,78.19,51.21,2.15,4.85,0.98,15.87,1,24.68,4,1
16,11.21,13,66.68,49.41,3.97,12.52,16.8,15.49,0,16.08,3,0
19,33.28,21,80.88,58.9,3.98,0.51,13.19,3.3,0,4.34,3,0
18,10.34,29,32.58,22.49,2.29,8.44,35.82,19.96,3,19.11,3,0
14,33.04,6,66.79,60.65,3.36,0.94,-3.93,7.09,2,15.05,3,0
1,14.12,36,23.84,11.52,5.13,5.95,18.53,1.14,1,18.06,4,0
17,18.34,33,42.74,48.95,0.29,0.28,25.14,1.83,2,14.61,4,0
8,18.05,6,75.19,46.72,5.14,8.44,-2.13,10.07,0,1.51,5,0
17,34.97,6,66.85,66.68,0.2,13.81,21.28,0.88,2,5.08,3,0
12,23.46,38,26.91,11.84,0.27,1.8,31.75,17.15,0,19.22,1,0
21,18.62,15,87.25,68.05,2.61,13.23,28.23,19.05,3,18.86,3,0
8,41.22,39,14.8,7.13,3.52,10.52,35.02,0.29,1,18.85,2,0
22,28.31,24,63.57,46.49,2.29,9.08,25.15,17.82,0,0.38,1,0
20,11.84,18,98.54,84.08,0.6,10.79,10.12,21.59,1,20.13,5,0
7,43.4,15,57.84,58.61,0.39,6.05,34.34,0.67,0,10.98,4,1
11,17.76,31,82.06,74.72,2.54,12.79,2.37,15.95,0,17.34,4,0
12,3.79,8,63.57,45.94,2.04,14.03,18.85,21.98,0,6.8,4,0
18,24.75,20,80.48,64.43,1.52,14.01,27.22,17.54,2,19.24,5,0
16,7.7,18,69.0,46.78,4.94,4.85,32.12,11.12,0,24.56,4,0
20,12.97,10,72.2,47.39,1.9,11.77,34.16,19.47,1,6.34,4,1
8,36.37,18,30.5,13.48,0.34,2.67,-4.09,15.57,1,19.6,4,1
12,8.01,25,76.76,55.94,1.53,8.92,25.4,6.43,2,15.12,4,0
10,39.12,31,31.41,26.75,3.9,0.05,1.39,4.94,0,6.83,4,0
21,45.1,7,98.26,59.43,1.77,3.48,27.84,11.28,0,7.36,1,1
7,29.9,39,30.5,23.37,3.84,11.37,24.23,8.21,2,18.29,3,0
14,34.68,40,31.3,38.06,4.57,15.74,0.34,7.25,1,7.11,2,0
2,34.82,32,87.28,78.18,1.9,0.88,30.31,3.91,2,1.19,5,1
20,47.67,41,31.87,19.59,2.28,10.05,13.24,18.6,1,21.85,3,0
9,17.71,21,42.48,20.56,1.65,11.46,17.02,15.51,1,14.72,3,0
8,9.49,37,74.32,62.11,3.92,16.78,36.68,7.29,0,18.96,3,1
13,25.88,33,24.29,5.0,1.6,11.79,22.2,5.23,0,15.08,4,1
11,26.53,27,24.32,28.96,3.57,1.85,19.07,2.82,1,12.91,4,0
20,10.18,11,53.77,40.02,2.86,2.64,-7.23,2.48,0,19.25,2,0
12,30.2,26,31.93,41.39,0.11,11.44,1.16,13.76,0,0.8,5,0
12,2.65,40,31.21,8.8,3.76,3.88,-6.78,2.39,0,7.8,4,0
2,44.67,44,10.83,16.71,2.61,16.71,7.33,21.12,0,15.69,2,0
0,14.17,22,43.34,32.9,6.83,16.57,7.85,6.14,0,23.6,4,0
9,3.82,14,38.64,27.16,0.48,17.08,16.4,0.57,0,9.84,3,0
23,6.98,34,12.8,5.0,2.91,5.27,23.73,18.82,2,24.38,2,0
22,13.05,7,65.91,56.77,1.35,12.91,0.25,8.09,0,18.88,5,1
15,14.6,10,66.4,57.88,0.14,11.93,19.68,7.55,0,12.12,2,0
15,3.51,27,16.37,28.84,0.06,0.64,34.18,2.61,1,10.73,5,0
9,14.85,44,38.53,39.13,8.01,4.78,0.51,14.53,2,3.24,4,0
4,10.88,17,88.55,63.73,2.92,3.72,22.32,7.89,0,15.38,5,0
0,19.42,22,62.4,39.63,1.84,6.67,-5.9,18.11,2,1.31,4,1
8,19.72,17,47.08,24.4,0.24,17.15,16.43,13.87,1,10.73,4,0
7,17.59,22,51.86,53.71,7.62,15.22,26.11,19.36,1,5.94,1,0
4,17.08,4,28.75,15.42,0.96,5.28,-6.43,13.7,1,23.91,5,0
6,6.13,28,83.07,78.12,3.05,9.54,7.35,17.14,1,9.08,4,0
0,3.16,28,92.26,76.69,2.51,3.46,32.39,15.32,2,12.23,2,1
14,11.3,16,91.96,74.7,10.71,4.99,2.37,10.18,1,9.39,2,1
22,36.81,14,30.15,20.76,2.22,1.17,25.25,15.15,1,3.43,1,1
16,47.58,35,37.97,35.56,1.25,11.57,20.16,14.6,1,8.81,2,0
10,44.71,11,24.46,18.94,2.96,11.82,-0.47,0.15,2,19.47,1,0
10,25.19,5,37.65,26.04,3.28,15.09,26.12,15.37,1,15.53,5,0
7,26.46,5,39.95,37.43,16.89,15.69,16.48,5.77,0,10.94,3,1
3,16.47,40,66.98,50.95,2.18,2.88,-2.85,11.92,1,20.51,4,0
14,37.6,18,27.07,13.93,0.46,13.37,35.67,2.45,2,0.1,5,0
13,37.18,8,92.75,77.74,1.52,2.42,14.63,0.51,0,20.67,5,0
0,40.84,40,19.28,14.46,2.96,6.73,26.27,0.33,1,1.49,3,0
9,43.19,10,10.62,12.68,3.5,9.28,2.01,3.48,2,21.76,1,0
6,21.98,17,86.95,63.73,1.32,0.89,-1.69,0.44,1,23.69,4,0
4,37.28,4,73.34,46.32,10.21,2.82,26.1,2.91,3,20.48,5,0
16,39.09,31,41.98,48.36,0.73,4.88,23.0,12.3,3,0.49,2,1
12,16.19,32,63.59,63.52,5.04,2.3,4.61,8.81,1,13.16,1,0
15,44.75,35,30.12,31.45,1.58,16.81,26.33,21.58,0,20.72,4,0
17,6.34,14,25.16,16.13,2.32,5.19,15.23,17.79,4,13.63,4,0
23,47.74,17,52.4,38.17,1.76,9.02,8.04,3.23,3,9.0,1,0
19,37.42,42,41.79,45.03,2.92,17.94,28.2,9.17,2,11.77,1,1
14,6.29,37,65.37,47.8,2.21,10.2,20.37,9.48,1,2.02,3,1
21,32.19,5,29.63,17.42,1.88,7.41,15.33,7.97,0,12.41,1,0
11,3.57,32,69.66,71.19,3.94,16.74,27.56,10.9,3,0.7,1,0
23,37.43,37,79.02,61.2,0.39,4.0,17.06,14.74,0,16.1,2,1
18,38.76,26,25.0,35.41,3.05,3.23,35.17,14.1,4,9.76,3,1
15,29.71,30,13.95,5.0,6.32,9.64,29.63,7.86,1,4.78,5,0
21,41.42,4,49.56,43.32,1.95,7.69,8.48,15.51,2,0.43,3,1
12,6.5,5,79.66,80.78,4.75,14.35,13.39,6.37,2,23.05,5,0
17,14.69,5,68.57,53.75,4.17,0.76,36.04,18.38,0,13.91,4,0
6,21.05,10,73.17,54.7,0.92,11.12,33.18,21.22,3,16.17,2,0
23,3.95,44,46.26,25.57,2.34,12.79,0.79,6.48,1,19.48,3,0
14,22.62,30,31.15,34.03,4.23,17.49,4.62,17.26,0,15.66,1,1
18,14.2,36,57.86,38.2,2.12,2.62,8.76,17.9,0,10.33,5,0
11,20.07,16,28.39,21.29,3.78,4.43,32.47,10.8,1,15.69,2,0
20,21.55,42,75.36,47.67,1.61,16.78,34.66,1.93,0,6.31,5,0
1,42.45,12,27.73,35.64,6.74,11.35,28.91,17.3,0,14.03,4,1
2,14.44,40,36.21,38.64,1.95,0.68,4.68,8.96,1,5.14,2,0
12,43.11,5,55.59,43.08,1.99,1.39,32.8,4.58,0,22.94,3,0
17,21.59,4,53.8,31.58,2.03,14.14,-6.49,13.79,3,12.74,1,1
19,17.08,7,64.08,63.8,2.27,10.21,11.45,9.61,3,5.85,4,0
10,25.12,36,49.37,35.22,0.42,10.18,9.37,1.93,0,15.99,1,0
15,21.22,14,92.75,62.4,0.7,15.84,16.62,21.64,0,2.26,4,1
13,13.84,22,85.59,50.9,5.38,4.34,17.79,5.38,0,10.85,1,0
23,25.12,23,89.12,63.7,4.75,2.89,2.37,11.24,2,21.65,1,1
15,8.98,36,66.66,38.9,4.48,11.05,1.41,14.68,2,19.2,2,0
10,18.19,18,67.15,46.77,3.47,15.88,28.96,2.53,0,17.59,1,1
23,28.03,4,64.83,57.27,1.28,4.77,-4.49,16.27,1,11.77,5,0
2,21.02,19,49.14,34.95,1.13,12.26,14.69,14.26,0,11.17,5,0
23,39.9,15,38.99,33.61,2.17,2.74,0.82,10.86,1,0.28,5,0
3,13.81,33,63.28,42.85,6.11,3.09,6.7,11.62,1,15.0,4,0
6,46.61,34,12.3,10.18,2.76,16.23,4.76,21.01,1,14.43,2,1
19,38.1,7,10.67,25.61,0.65,2.12,24.59,20.04,1,0.13,4,0
17,46.51,36,86.65,64.45,0.29,0.44,12.98,2.46,1,3.43,4,0
23,40.55,6,14.18,14.52,4.88,13.95,5.77,8.11,3,0.31,2,0
17,8.54,29,57.23,30.55,7.79,6.53,30.24,11.37,2,6.33,5,0
15,26.22,19,65.35,64.65,0.18,7.14,-4.05,20.24,3,0.1,5,0
8,9.82,16,27.84,17.42,5.02,14.4,27.25,17.96,0,10.43,2,1
0,39.64,23,90.62,80.14,3.4,3.24,3.42,8.5,0,11.91,3,1
2,28.87,16,27.11,20.04,0.88,11.71,34.23,19.5,2,10.93,5,0
7,14.12,36,89.61,75.4,2.8,5.64,-7.74,8.32,0,4.98,2,0
0,44.76,43,78.67,67.4,0.51,1.88,17.61,5.97,1,13.09,5,0
12,7.3,37,31.67,20.63,1.79,12.37,20.62,13.42,2,20.35,2,0
18,27.94,22,23.57,28.21,2.3,5.74,18.56,7.83,1,7.28,5,0
23,35.17,24,38.46,23.17,6.69,15.6,29.49,13.69,2,7.81,2,0
11,4.71,22,45.82,42.74,1.7,16.54,-2.84,9.01,1,13.57,4,0
21,29.5,36,32.12,21.54,1.01,15.28,11.12,17.51,2,5.84,3,0
23,39.53,26,99.9,81.07,3.16,5.8,31.73,20.99,3,8.44,2,1
20,5.11,23,30.67,19.76,3.88,4.26,32.88,5.95,0,11.31,3,0
11,25.56,20,84.76,66.56,0.96,16.07,14.92,11.22,0,9.66,2,0
7,13.89,19,24.32,9.3,0.62,8.15,17.67,15.94,2,20.46,4,0
23,32.49,26,98.22,78.84,0.7,12.74,27.14,3.49,2,21.22,5,0
5,7.46,32,30.3,24.03,6.71,14.89,27.86,17.51,2,10.07,3,1
9,45.1,21,47.95,32.54,3.73,5.0,32.85,12.83,1,11.19,2,1
1,43.16,37,60.27,46.52,1.58,2.14,30.82,3.29,4,23.92,4,0
19,10.55,37,20.83,17.45,5.8,11.25,11.06,19.1,1,12.58,3,0
15,16.87,21,83.51,59.59,0.96,10.62,21.89,9.39,0,24.83,5,0
2,29.03,41,34.72,25.92,2.09,4.86,14.23,3.89,1,19.07,2,0
5,35.03,11,59.43,37.31,0.5,10.52,-2.57,4.3,0,6.61,3,0
13,22.36,42,59.47,67.5,5.59,14.23,29.8,17.28,2,5.73,3,1
12,9.19,16,64.24,59.64,0.86,6.3,19.68,20.59,1,3.98,5,0
19,6.79,27,14.99,14.15,0.89,4.36,-5.33,8.32,2,20.15,1,0
6,47.99,15,25.18,30.19,3.23,13.05,23.14,1.73,1,7.67,4,0
22,22.95,22,24.51,5.0,0.04,14.15,5.02,2.22,0,16.89,5,0
10,42.14,17,37.18,5.98,0.35,17.18,-4.81,14.4,1,13.5,2,0
19,24.19,32,23.04,14.38,4.36,2.66,19.9,8.16,3,20.65,3,0
5,44.43,7,92.97,60.11,0.68,16.01,25.68,9.37,1,18.77,2,1
0,6.04,38,56.17,41.68,13.52,13.77,15.8,7.42,2,1.59,3,0
1,7.24,41,66.12,53.43,2.66,12.63,-7.74,10.24,0,8.46,5,0
8,44.76,27,42.17,41.18,0.16,5.63,18.54,14.16,1,13.0,2,0
22,45.58,26,34.86,16.95,8.11,0.4,-7.7,11.91,2,20.09,2,0
1,16.48,32,55.29,46.72,2.65,9.14,34.61,3.61,0,17.85,3,0
8,18.34,12,36.49,28.59,1.84,5.14,4.3,10.81,2,13.74,3,0
2,22.81,34,40.93,35.05,2.64,5.22,32.07,10.13,1,20.21,4,0
22,21.14,12,50.75,34.91,0.15,16.69,-7.44,12.01,0,10.87,1,0
16,10.74,31,55.52,55.75,2.16,2.75,-3.53,2.43,1,1.39,5,0
18,43.33,16,98.59,75.97,0.75,16.82,12.76,3.38,3,21.76,4,0
17,13.65,34,30.1,39.44,2.02,9.07,26.9,11.67,0,13.16,5,0
15,34.44,36,53.92,34.94,1.32,15.09,35.36,6.06,0,20.21,3,0
18,5.09,12,23.46,24.98,2.51,5.1,15.97,13.84,1,9.8,3,0
0,3.78,29,41.5,31.83,1.58,11.41,8.35,8.2,1,14.71,2,0
20,32.07,24,74.56,55.21,1.23,10.02,-5.95,4.86,1,8.28,5,1
17,17.59,16,25.7,25.74,0.64,16.63,18.85,14.44,0,10.24,1,0
17,32.15,28,62.32,45.92,0.17,3.23,9.48,8.67,2,3.68,3,1
9,6.32,44,47.5,13.09,0.1,3.68,33.82,3.47,2,18.54,2,0
19,45.69,4,14.64,5.0,0.37,17.08,14.08,17.79,1,7.01,4,0
9,36.43,43,93.98,84.75,4.06,1.76,27.21,9.5,0,7.54,5,1
1,42.31,39,47.22,47.91,0.59,11.42,31.02,20.13,1,8.85,4,1
21,8.28,25,80.55,79.82,1.0,1.09,-3.48,4.25,1,10.8,1,0
5,16.73,29,47.47,36.87,1.01,1.39,12.28,19.28,1,14.4,2,0
2,18.94,19,94.36,61.97,1.35,10.75,33.11,17.95,1,17.07,1,0
14,26.71,9,36.14,24.41,3.45,9.92,11.52,2.29,0,16.89,3,0
5,15.66,27,47.1,36.84,1.56,10.31,18.0,11.7,1,10.59,1,0
20,4.79,37,78.3,52.01,4.77,8.53,32.16,14.38,2,12.05,4,0
10,18.97,13,40.93,46.76,0.38,13.36,2.7,10.9,1,3.51,3,0
0,13.71,33,42.79,53.53,4.33,17.86,33.15,8.59,5,13.04,2,0
22,19.75,34,99.53,81.94,7.34,4.96,10.26,20.76,0,21.93,5,0
12,11.06,35,60.01,46.71,2.13,5.82,19.28,15.42,0,11.51,4,0
6,14.05,17,72.04,44.54,0.53,5.81,7.09,21.25,1,23.45,4,0
16,30.84,20,67.91,66.89,3.51,13.74,16.25,18.62,1,3.89,2,0
12,19.86,21,84.51,66.61,2.17,6.26,-5.73,17.98,1,18.42,2,1
0,17.89,39,87.56,65.7,2.96,12.18,-5.0,15.96,0,17.7,3,0
18,26.56,40,60.69,51.67,4.89,8.03,11.08,14.21,2,17.04,4,1
9,37.51,20,36.51,23.21,1.43,10.94,7.41,19.51,0,16.57,5,0
16,19.43,43,12.05,10.72,1.18,14.92,20.33,13.5,1,0.56,4,0
21,29.03,27,65.3,37.95,15.6,9.25,-6.26,1.66,1,18.55,1,0
14,46.45,19,84.29,75.53,3.55,8.55,-0.29,12.82,0,12.49,5,0
16,26.01,4,50.55,38.49,5.66,4.81,1.64,2.26,2,13.1,2,0
6,43.85,29,24.82,29.79,4.64,9.29,12.26,20.88,0,1.27,1,0
5,38.51,30,35.93,26.21,5.72,4.72,3.35,14.23,3,4.71,3,0
9,4.7,43,55.9,42.38,3.05,15.18,-1.67,12.22,1,22.78,3,0
20,21.74,33,85.3,55.62,5.14,7.0,19.49,4.35,2,7.89,1,0
12,34.12,5,25.46,26.69,1.0,2.32,26.22,11.35,0,9.85,2,0
8,47.39,27,65.09,42.89,0.16,4.32,23.52,7.54,0,4.73,2,1
18,23.09,34,77.8,56.31,0.71,9.62,4.7,14.86,0,15.8,3,0
20,6.27,24,94.24,73.52,1.85,16.49,31.3,13.3,1,18.52,4,0
21,27.85,21,20.5,17.08,1.6,5.41,20.14,10.98,0,23.03,4,0
7,7.82,37,93.38,57.48,2.18,4.76,20.27,5.56,1,14.05,1,0
17,36.57,29,64.13,47.95,0.93,7.32,1.79,11.57,1,6.89,1,0
14,25.35,31,79.0,68.78,0.05,17.42,3.14,10.16,3,1.77,4,1
10,35.28,23,14.84,8.17,1.38,15.21,13.84,18.73,2,6.65,5,0
9,41.99,15,55.55,41.31,0.3,2.69,2.94,19.68,2,15.46,1,0
2,30.93,25,66.04,52.97,2.09,11.05,23.65,16.7,1,24.35,2,0
6,30.17,43,37.62,28.21,3.2,14.25,6.19,7.03,1,1.98,1,1
13,36.71,28,48.85,28.83,1.35,13.82,-1.01,0.84,0,9.71,3,0
21,40.75,32,59.89,46.38,0.48,8.8,-1.03,20.36,1,16.68,2,0
20,41.98,9,59.73,55.54,2.3,13.17,-2.15,21.82,1,14.36,1,0
4,3.68,44,13.77,5.0,16.27,10.5,12.23,2.79,4,16.29,5,1
16,27.58,14,49.55,35.28,3.55,3.63,-7.86,15.08,1,11.58,4,1
2,11.95,43,29.24,10.38,3.8,1.01,16.95,9.35,0,6.68,3,0
16,41.58,22,92.5,80.62,1.19,6.65,5.72,3.27,1,12.07,4,0
8,31.83,41,97.89,75.52,0.78,1.11,17.41,21.96,1,9.54,2,1
10,21.33,40,36.97,21.18,5.73,7.11,35.03,20.53,1,17.73,5,0
17,10.65,34,25.77,20.93,0.01,14.92,31.98,21.62,0,4.29,3,0
10,17.6,41,29.76,12.38,0.9,15.2,18.52,3.17,0,12.4,2,0
19,34.37,28,53.0,32.04,8.75,0.61,11.23,10.82,1,23.98,3,0
12,11.4,38,88.71,56.05,1.96,1.25,24.12,19.71,0,13.29,3,0
23,6.3,11,55.0,33.3,0.21,12.06,34.46,14.85,0,5.93,4,0
15,42.85,6,14.99,23.9,3.29,9.0,14.52,9.56,2,23.4,5,0
7,37.15,26,13.59,5.0,1.36,2.69,-3.43,11.37,2,6.1,2,0
18,11.19,37,30.47,27.96,0.12,14.5,27.24,0.85,0,18.78,4,0
9,15.45,35,85.85,59.44,2.72,3.9,-7.52,13.45,2,2.74,1,1
12,46.72,25,65.93,58.26,2.34,1.41,27.17,18.91,4,21.3,2,0
3,34.58,25,60.67,38.08,2.2,13.49,-4.09,0.06,1,4.51,3,1
2,30.08,29,38.71,30.54,3.5,10.95,-3.1,3.52,1,9.85,3,0
13,16.15,39,93.65,73.52,0.44,7.1,27.96,11.4,0,24.14,4,1
4,15.76,38,39.81,52.0,3.0,12.47,23.72,12.34,1,14.48,1,0
23,3.82,8,85.14,72.09,2.51,16.4,17.85,7.55,2,6.6,5,0
20,35.51,28,90.63,65.36,5.62,0.62,29.75,0.61,0,0.02,3,1
16,3.99,19,53.5,47.9,0.88,11.3,31.16,16.36,1,0.17,3,0
17,2.22,36,90.49,89.82,6.49,3.93,13.05,5.34,3,6.86,4,1
14,35.56,24,34.91,12.56,4.57,8.53,37.83,14.18,3,13.17,4,0
1,45.65,44,69.26,46.44,1.87,7.63,8.45,12.3,0,12.12,3,0
9,36.8,21,17.92,11.84,2.2,7.02,-0.11,9.48,1,23.05,3,0
11,23.7,31,52.65,37.32,2.14,3.43,30.91,12.99,3,19.1,2,0
21,24.36,8,29.56,20.06,4.29,14.45,11.12,15.29,1,23.12,3,0
5,22.06,42,15.65,5.0,1.58,6.83,32.23,12.59,1,12.79,2,1
11,16.93,10,10.34,20.7,5.61,15.97,-5.19,12.27,1,11.17,4,0
8,26.0,19,39.23,17.79,3.34,6.38,-2.89,9.59,2,14.15,3,0
3,21.83,38,63.06,47.38,10.96,15.11,-6.15,9.46,2,9.3,2,1
2,29.52,43,50.97,49.17,0.96,9.8,19.69,10.8,0,5.27,3,0
8,43.31,23,37.16,28.71,3.93,6.94,30.27,9.95,2,20.92,5,0
1,47.77,23,99.21,68.57,0.32,12.67,10.52,9.66,0,17.01,3,0
1,5.62,5,94.56,61.62,1.74,14.16,-3.83,4.63,5,8.14,2,0
8,19.7,44,21.31,14.55,3.53,8.69,9.18,15.95,0,11.16,3,0
4,10.31,4,47.36,30.13,4.16,7.66,8.01,2.92,3,5.64,4,0
13,18.2,5,68.4,55.2,1.44,10.39,21.6,19.99,2,14.07,1,0
0,15.22,23,76.01,46.68,6.14,10.53,22.0,13.75,4,8.96,3,1
7,10.03,4,42.97,40.84,7.3,7.66,-3.26,1.08,1,21.89,1,0
10,37.15,10,77.17,61.23,0.98,13.64,11.33,14.5,5,13.21,5,0
23,24.83,29,21.17,18.22,1.8,7.19,21.56,7.95,1,10.29,4,0
15,44.29,32,39.86,44.06,1.6,8.15,3.91,20.45,2,18.74,1,0
21,3.5,16,74.48,54.15,1.19,10.9,10.73,20.59,0,22.63,3,0
8,5.08,36,66.31,45.19,6.92,17.76,20.23,18.61,1,20.44,5,0
10,20.55,28,85.35,61.64,6.86,4.69,10.53,12.49,4,12.37,5,0
10,5.69,13,14.22,9.36,1.66,4.18,-6.58,20.22,0,8.91,1,0
21,14.09,33,25.7,19.22,3.91,3.18,2.24,14.3,2,16.55,2,0
23,47.36,28,14.36,5.0,5.56,12.41,27.7,19.25,0,20.42,1,0
23,11.61,37,27.29,5.0,2.76,8.08,3.43,3.52,1,24.47,2,0
18,11.11,10,10.39,5.0,1.53,6.99,29.61,19.89,1,11.43,5,0
12,28.39,13,55.38,46.43,0.89,3.67,13.48,14.55,1,16.71,4,0
12,24.91,16,57.55,46.11,4.26,16.04,13.75,6.67,0,7.33,2,0
23,28.7,17,69.21,64.78,0.37,7.98,27.44,21.95,0,2.19,2,0
6,19.33,40,44.64,52.42,1.57,10.94,9.63,15.11,0,6.33,4,1
8,40.03,34,10.29,14.86,1.28,2.03,2.97,19.99,2,0.36,3,0
21,8.37,26,70.65,67.55,0.33,1.94,-3.17,0.12,2,12.74,3,0
9,21.71,26,14.89,18.51,1.96,1.21,22.91,12.15,0,9.33,3,0
5,33.73,40,87.96,83.99,1.76,6.61,13.62,15.68,3,16.96,5,0
13,41.94,22,12.04,26.05,0.66,8.51,29.23,0.3,1,15.38,3,0
7,19.0,13,57.74,53.6,6.71,4.4,13.05,16.78,1,4.2,4,0
21,28.12,9,90.54,76.98,4.29,6.29,11.08,14.33,1,16.85,5,0
21,5.18,17,61.52,46.14,2.24,0.11,5.75,6.04,0,4.69,2,0
7,9.83,30,64.76,50.14,4.89,6.32,1.17,15.16,1,0.15,4,0
12,5.18,23,71.34,52.61,5.93,2.15,30.2,2.88,0,24.25,5,0
23,35.48,21,21.02,21.98,6.96,2.31,-3.62,18.13,0,0.67,2,0
17,15.25,23,70.74,48.7,0.96,0.08,33.5,19.06,0,8.54,2,0
5,35.29,43,89.23,67.88,4.89,12.53,-6.76,10.68,1,15.94,1,0
14,5.05,44,97.68,54.99,1.77,16.76,16.02,11.16,2,9.26,4,0
14,41.68,10,49.87,54.41,2.67,11.19,-5.32,8.85,1,9.53,4,0
15,40.43,8,41.01,30.0,1.02,1.73,27.86,7.6,3,18.07,4,0
0,6.09,14,77.8,64.78,2.13,17.81,1.73,19.2,2,15.05,2,0
7,3.09,38,58.86,59.03,4.95,17.56,18.03,6.71,0,12.96,4,0
20,4.59,22,33.16,28.57,1.92,8.43,34.16,8.86,0,22.16,1,0
5,41.27,39,25.49,32.88,0.7,1.94,21.87,6.6,0,2.7,4,0
7,12.8,30,25.32,8.57,9.51,12.97,0.2,14.45,0,11.74,3,0
7,27.22,26,51.33,61.61,0.91,17.31,28.65,17.91,2,5.98,5,0
4,21.61,15,25.31,29.53,0.17,14.02,12.31,3.62,2,0.92,5,0
3,38.59,18,11.77,11.07,1.12,11.24,-7.39,5.6,3,24.48,3,0
8,24.49,10,14.69,24.28,5.69,10.99,14.39,2.29,0,18.35,4,0
20,25.03,25,93.69,62.56,0.83,17.6,29.37,3.52,1,5.4,5,0
0,47.5,15,16.57,10.32,0.47,1.32,11.78,8.95,0,10.06,2,0
6,8.91,15,16.59,25.94,2.42,2.69,26.89,17.07,0,5.65,1,0
1,40.21,5,50.61,22.67,8.47,14.95,24.45,11.92,1,17.12,3,0
13,4.38,36,32.06,30.05,3.4,2.61,13.02,1.17,3,8.76,2,0
6,23.97,42,96.64,80.17,0.36,6.9,6.87,13.75,1,23.0,4,0
19,42.77,24,91.99,89.47,12.25,5.07,25.42,17.5,0,5.19,4,0
14,32.6,25,46.43,21.97,3.03,4.38,8.97,8.66,2,8.75,3,0
18,33.52,41,50.39,53.79,5.2,0.46,-0.18,5.39,2,23.3,2,1
15,14.11,24,43.76,29.1,0.24,10.19,6.76,16.81,3,22.12,3,1
10,21.25,29,13.41,6.44,10.66,7.22,32.33,0.53,0,7.33,3,0
20,18.86,21,36.36,17.36,1.41,9.93,5.04,17.94,1,12.08,1,0
11,25.99,25,21.04,6.62,0.2,5.48,2.81,17.69,0,22.09,4,0
22,23.26,25,19.21,18.62,2.72,16.95,-1.86,19.54,1,16.77,2,1
23,17.04,33,60.48,37.16,5.2,10.64,-5.46,1.97,0,15.93,3,0
14,16.05,28,18.89,21.4,3.89,17.3,36.93,2.37,1,16.51,5,0
16,13.54,24,19.26,9.06,3.83,6.3,16.69,19.2,1,23.02,1,0
6,18.79,7,53.25,30.61,3.58,0.04,25.56,10.46,1,12.93,3,0
19,8.9,41,49.81,34.1,2.49,14.06,27.56,8.63,4,4.54,1,0
16,42.12,40,22.39,20.49,0.24,14.89,8.21,12.61,0,11.82,3,0
21,29.7,11,10.4,5.62,1.74,1.06,28.75,1.29,2,18.22,2,0
6,8.15,16,27.37,21.65,1.49,11.26,36.23,14.16,0,12.3,5,0
18,33.92,43,31.23,30.63,6.99,11.9,26.12,20.79,0,7.83,2,1
11,40.99,17,82.02,73.72,5.7,2.62,24.74,14.87,0,16.66,4,1
4,12.93,37,92.39,69.27,1.27,9.95,11.88,10.22,0,11.26,1,0
4,8.93,36,46.53,26.9,4.5,4.38,30.7,21.14,1,24.07,3,0
13,2.4,39,46.45,36.92,2.02,0.3,-3.91,15.15,1,8.8,5,1
7,4.17,4,74.12,62.05,0.17,15.6,26.49,1.25,0,17.94,4,0
2,37.06,23,66.42,38.66,4.03,8.85,8.65,14.74,1,13.88,2,1
10,47.41,27,26.57,12.71,0.56,14.07,18.03,1.31,0,1.94,5,0
15,4.06,38,19.69,8.89,0.56,13.01,33.08,6.76,1,11.74,5,0
7,36.41,13,49.39,36.65,0.94,17.89,19.83,13.55,0,0.73,3,0
22,5.31,16,60.83,40.6,4.11,7.88,-6.82,4.74,2,19.75,5,0
18,29.24,11,22.48,23.9,5.76,7.7,25.24,0.84,0,18.36,1,0
12,36.78,35,36.39,13.94,5.66,5.07,34.74,13.59,0,1.26,2,0
22,18.52,44,37.53,15.06,0.89,11.25,21.53,6.29,1,12.49,5,0
10,2.5,9,33.52,23.14,0.71,8.75,31.63,11.73,0,24.04,5,0
3,29.38,13,51.47,38.56,4.11,13.12,29.96,5.75,3,7.12,5,0
0,47.6,16,68.78,40.55,0.91,6.42,31.62,15.1,2,22.61,1,0
22,13.85,40,55.85,38.1,1.87,2.36,7.83,19.71,4,3.78,2,0
23,10.72,22,28.13,18.33,4.46,15.52,13.81,1.9,1,0.17,4,0
17,7.7,15,19.26,11.49,2.28,14.9,31.01,17.3,2,13.26,1,0
2,27.54,17,83.97,66.86,3.02,6.32,33.88,3.43,3,5.98,5,1
7,29.44,28,53.14,35.49,1.8,12.43,-1.25,7.25,1,21.98,5,0
0,38.44,19,15.59,25.46,5.26,8.86,0.35,7.86,1,16.85,5,0
1,36.64,9,33.23,30.31,5.72,13.7,7.95,4.54,1,17.17,5,0
5,43.06,37,82.36,56.98,3.58,7.02,27.43,1.66,0,16.83,2,0
13,39.07,21,77.66,61.42,5.74,9.64,32.25,16.91,0,16.97,5,0
1,13.37,14,88.82,70.4,15.48,1.04,18.69,17.46,3,18.68,2,0
23,27.57,33,64.19,61.0,4.39,3.15,-2.79,21.93,1,16.75,1,0
10,15.68,34,48.06,32.08,2.09,14.07,5.97,20.56,0,20.86,2,0
6,17.17,10,48.4,44.66,3.09,6.87,31.42,9.56,2,13.95,4,0
12,44.87,7,27.46,21.8,6.25,0.63,7.99,2.93,3,8.77,5,0
18,33.37,5,68.57,66.91,1.39,3.02,-3.27,0.24,2,11.67,4,0
7,46.83,35,62.66,60.49,1.26,7.41,5.9,11.69,1,11.01,2,0
1,21.18,29,23.94,20.44,3.04,12.92,29.11,18.93,4,8.31,4,0
1,26.72,36,89.71,67.61,2.05,6.54,14.7,5.89,0,10.39,3,1
20,24.41,29,43.16,38.23,0.7,13.41,-0.11,4.38,0,9.62,3,0
2,6.94,20,14.48,9.67,2.6,15.45,6.38,9.66,3,2.78,2,0
15,12.89,28,39.51,45.94,7.36,6.14,35.86,19.66,2,20.76,1,0
9,26.27,33,88.29,69.57,3.47,14.41,11.87,9.94,1,18.91,2,0
18,5.1,20,92.53,68.52,0.52,2.28,12.31,15.9,2,8.44,5,0
1,44.85,41,54.14,38.09,4.0,7.48,-0.96,10.18,1,23.63,3,1
21,7.7,40,96.07,64.02,1.63,1.76,6.01,8.21,1,23.73,1,0
16,11.11,36,88.77,74.25,11.72,0.95,29.48,9.7,0,21.42,2,1
10,37.2,44,84.27,58.35,3.72,1.16,28.17,16.9,1,0.73,3,1
4,6.46,20,87.37,78.03,1.11,1.89,12.03,16.6,2,9.28,3,0
23,43.41,8,44.37,22.97,4.28,15.04,33.11,9.5,1,11.43,4,0
7,35.38,23,78.08,62.05,2.79,9.79,9.49,5.89,4,17.97,3,1
11,5.16,34,61.96,58.68,6.79,17.05,31.76,3.06,2,15.87,1,0
9,33.82,35,74.77,38.95,1.26,9.68,-6.55,0.03,1,16.96,3,0
5,31.05,19,26.0,38.44,3.71,11.32,7.97,2.49,2,19.18,1,0
9,36.84,15,75.83,55.32,0.24,3.32,31.33,3.62,1,23.71,3,0
3,40.1,22,96.18,76.29,2.49,9.73,33.46,15.18,2,13.79,3,1
0,35.04,36,37.24,34.19,0.5,6.94,26.8,17.99,5,22.6,2,0
6,28.96,6,98.75,83.56,2.7,16.77,22.81,16.21,1,20.37,4,0
2,16.83,17,44.05,36.83,3.31,16.81,29.51,15.91,0,8.45,4,0
9,34.07,13,27.98,30.8,3.58,3.57,24.55,21.88,0,20.34,2,0
20,46.02,37,20.11,20.35,1.25,11.16,3.69,21.18,1,2.93,3,0
3,29.03,23,80.65,78.75,2.56,11.49,13.45,5.91,2,3.97,3,0
0,32.56,7,59.93,51.45,6.1,10.13,22.39,3.19,1,24.81,3,0
2,22.11,14,37.64,47.04,9.23,2.24,19.04,3.37,0,10.72,3,0
12,36.78,5,64.76,58.62,2.65,11.77,32.71,19.7,1,11.52,2,0
6,47.89,23,39.89,14.86,6.24,14.38,13.8,2.25,1,23.78,1,0
11,9.38,44,50.35,62.77,0.79,6.21,0.19,7.48,3,9.05,1,0
0,11.31,27,87.64,63.19,1.49,9.26,1.87,11.67,0,5.92,1,0
7,26.81,39,70.13,68.17,2.95,2.09,30.92,13.5,1,1.95,5,1
9,24.14,34,78.62,61.56,2.07,16.75,-7.6,13.11,0,13.07,1,1
10,28.29,40,62.51,58.31,1.85,1.97,31.98,17.3,3,4.99,5,0
13,4.26,16,99.23,71.2,5.7,3.75,-5.44,12.58,2,1.62,5,0
18,20.6,43,31.73,30.38,0.63,5.37,10.02,18.72,0,20.33,2,0
11,28.82,13,33.61,23.93,0.72,14.86,28.81,1.86,0,8.21,3,1
20,28.92,21,18.33,28.51,0.39,12.61,10.75,18.9,1,14.48,2,0
